/*
 Navicat Premium Data Transfer

 Source Server         : mysql_local_connection
 Source Server Type    : MySQL
 Source Server Version : 100422
 Source Host           : localhost:3306
 Source Schema         : sales_invoice

 Target Server Type    : MySQL
 Target Server Version : 100422
 File Encoding         : 65001

 Date: 03/05/2022 17:42:01
*/

SET NAMES utf8mb4;
SET FOREIGN_KEY_CHECKS = 0;

-- ----------------------------
-- Table structure for accessorystocks
-- ----------------------------
DROP TABLE IF EXISTS `accessorystocks`;
CREATE TABLE `accessorystocks`  (
  `id` char(36) CHARACTER SET utf8mb4 COLLATE utf8mb4_bin NOT NULL,
  `name` varchar(255) CHARACTER SET utf8mb4 COLLATE utf8mb4_general_ci NOT NULL DEFAULT '',
  `category` varchar(255) CHARACTER SET utf8mb4 COLLATE utf8mb4_general_ci NOT NULL DEFAULT '',
  `remark` varchar(255) CHARACTER SET utf8mb4 COLLATE utf8mb4_general_ci NOT NULL DEFAULT '',
  `thumbnailURL` varchar(255) CHARACTER SET utf8mb4 COLLATE utf8mb4_general_ci NOT NULL DEFAULT '',
  `unitPrice` float NOT NULL DEFAULT 1000,
  `isRegistered` tinyint(1) NOT NULL DEFAULT 0,
  `balance` int NOT NULL DEFAULT 0,
  `qty` int NOT NULL DEFAULT 0,
  `shipmentDate` date NULL DEFAULT NULL,
  `arrivalDate` date NULL DEFAULT NULL,
  `createdAt` datetime NOT NULL,
  `updatedAt` datetime NOT NULL,
  PRIMARY KEY (`id`) USING BTREE
) ENGINE = InnoDB CHARACTER SET = utf8mb4 COLLATE = utf8mb4_general_ci ROW_FORMAT = Dynamic;

-- ----------------------------
-- Records of accessorystocks
-- ----------------------------
INSERT INTO `accessorystocks` VALUES ('07078b69-cfcc-4314-8e9f-a6d7aaedee40', 'Ultra Thin Sit-Stand Desk Converter', 'White', 'Weight capacity: 10KG', 'http://blueoceanblue.com:4000/uploads/stocks/1640603290404-DWS07-7.jpg', 1899, 0, 0, 0, NULL, NULL, '2021-12-27 11:08:10', '2021-12-27 11:08:10');
INSERT INTO `accessorystocks` VALUES ('09ce9d70-589d-48d8-8085-3d9917782e38', 'Anti Fatigue Mat', 'Dark Grey', 'Size: 74.5cm (W) x 50 cm (D) x 1.6 cm (T)', 'http://blueoceanblue.com:4000/uploads/stocks/1640603978326-anti-fatigue-mat_01-500x559.jpg', 499, 0, 0, 0, NULL, NULL, '2021-12-27 11:19:38', '2021-12-27 11:19:38');
INSERT INTO `accessorystocks` VALUES ('0a704d7d-9d75-4731-9d6f-7453f0c11d5f', 'Dual Monitor Arm', 'White', 'Weight Capacity: 8KG (each arm), Clamp Type', 'http://blueoceanblue.com:4000/uploads/stocks/1640601900042-EGNA-202D-302D.jpg', 2650, 0, 0, 0, NULL, NULL, '2021-12-27 10:45:00', '2021-12-27 10:45:00');
INSERT INTO `accessorystocks` VALUES ('1293df10-60b2-4099-98d7-c51722635693', 'Clamp on Socket', 'Black', 'includes 3 Sockets and 2 USB', 'http://blueoceanblue.com:4000/uploads/stocks/1640601578010-IMG_3912.jpg', 550, 0, 0, 0, NULL, NULL, '2021-12-27 10:14:11', '2021-12-27 10:39:38');
INSERT INTO `accessorystocks` VALUES ('16ee0d27-963d-44e6-a29c-906fedaf5006', 'Clamp on Socket', 'White', 'includes 3 Sockets and 2 USB', 'http://blueoceanblue.com:4000/uploads/stocks/1640601380220-Clamp on socket.jpg', 550, 0, 0, 0, NULL, NULL, '2021-12-27 10:14:31', '2021-12-27 10:36:20');
INSERT INTO `accessorystocks` VALUES ('2100665b-0f6c-447b-9db0-d95babeaeeba', 'Premium Cable Tray', 'White', '', '', 650, 0, 0, 0, NULL, NULL, '2021-12-27 10:07:40', '2021-12-27 10:07:40');
INSERT INTO `accessorystocks` VALUES ('262a9733-61e3-498c-b614-7da243717c4a', 'Single Monitor Arm', 'Silver', 'Heavy Duty, Weight Capacity: 15KG, Clamp Type', 'http://blueoceanblue.com:4000/uploads/stocks/1640601788430-dynafly2.jpg', 2000, 0, 0, 0, NULL, NULL, '2021-12-27 10:43:08', '2021-12-27 10:43:08');
INSERT INTO `accessorystocks` VALUES ('2b1085cb-ff56-4280-93c0-97284ffc93e7', 'Voyage Standing Desk Converter', '', 'Dual Monitor version, Weight Capacity: 50kg', 'http://blueoceanblue.com:4000/uploads/stocks/1640603690761-JC-Desk-on-Desk dual.jpg', 2900, 0, 0, 0, NULL, NULL, '2021-12-27 11:14:50', '2021-12-27 11:14:50');
INSERT INTO `accessorystocks` VALUES ('2d1008b1-4e6b-4142-b571-29a5fadc70ec', 'Footrest 03', '', 'Height and Angle Adjustable', 'http://blueoceanblue.com:4000/uploads/stocks/1640665993554-fr1.jpg', 249, 0, 0, 0, NULL, NULL, '2021-12-28 04:33:13', '2021-12-28 04:33:13');
INSERT INTO `accessorystocks` VALUES ('357bf573-8364-4f85-8a37-a9b645093991', 'Soft Casters for Hard Floor', '', 'Material: TPR', 'http://blueoceanblue.com:4000/uploads/stocks/1640665851473-TPR Casters.jpg', 300, 0, 0, 0, NULL, NULL, '2021-12-28 04:30:51', '2021-12-28 04:31:14');
INSERT INTO `accessorystocks` VALUES ('3a0ea8fc-5997-4332-b18d-0ff4e483ddbf', 'Cable Tray', 'Grey', 'Size: L800xW125xH75mm', '', 330, 0, 0, 0, NULL, NULL, '2021-12-27 10:07:10', '2022-01-11 06:11:49');
INSERT INTO `accessorystocks` VALUES ('3d9ea27f-16b6-479e-b603-d9f10b0a8cd5', 'CPU Holder', '', 'Material: Steel', 'http://blueoceanblue.com:4000/uploads/stocks/1640602798208-flexispot-CH1-adjustable-CPU-holder-drawing.jpg', 390, 0, 0, 0, NULL, NULL, '2021-12-27 10:59:58', '2021-12-27 11:00:35');
INSERT INTO `accessorystocks` VALUES ('48e2691a-f9c0-4425-9482-113f2fc372af', 'USB Charger', '', '', 'http://blueoceanblue.com:4000/uploads/stocks/1640600942362-USB-Charger_2.jpg', 200, 0, 0, 0, NULL, NULL, '2021-12-27 10:16:10', '2021-12-27 10:29:02');
INSERT INTO `accessorystocks` VALUES ('4a414474-8243-44ad-8ef3-6b2e909b267f', 'Balance Board ', 'Black', 'Old Model', 'http://blueoceanblue.com:4000/uploads/stocks/1640600782584-Balance Board 1.jpg', 650, 0, 0, 0, NULL, NULL, '2021-12-27 10:08:32', '2021-12-27 10:26:22');
INSERT INTO `accessorystocks` VALUES ('505b9753-203f-4840-a018-d422eae69db2', 'Balance Board ', 'Black', 'New Model', 'http://blueoceanblue.com:4000/uploads/stocks/1640600840097-360-rotation-balance-board-standing-desk-mat_20210304-01.jpg', 650, 0, 0, 0, NULL, NULL, '2021-12-27 10:08:09', '2021-12-27 10:27:20');
INSERT INTO `accessorystocks` VALUES ('55044afa-7870-49dd-9d3f-c48254b17ac4', 'Add-on Legrest', '', '', '', 300, 0, 0, 0, NULL, NULL, '2021-12-28 06:21:04', '2021-12-28 06:21:04');
INSERT INTO `accessorystocks` VALUES ('570e9e2a-547e-4439-86a4-c12f8bad6dc4', 'Modesty Panel', '', 'Put Size Here', 'http://blueoceanblue.com:4000/uploads/stocks/1640601853143-with modesty panel.JPG', 1200, 0, 0, 0, NULL, NULL, '2021-12-27 10:10:27', '2021-12-27 10:44:13');
INSERT INTO `accessorystocks` VALUES ('86950b07-3868-4180-8e60-45d122710a96', 'Cable Tray', 'Black', 'Size: L800xW125xH75mm', 'http://blueoceanblue.com:4000/uploads/stocks/1640601171359-cdd10cbf-eb83-4059-92b5-9a2c2fd2157e.jpg', 330, 19, 36, -3, NULL, NULL, '2021-12-21 13:25:55', '2022-02-21 05:36:52');
INSERT INTO `accessorystocks` VALUES ('92a62123-e484-4790-a43e-c22746ec06d1', 'Cable Tray', 'White', 'Size: L800xW125xH75mm', 'http://blueoceanblue.com:4000/uploads/stocks/1640601094167-Cable tray White.png', 330, 0, 0, 0, NULL, NULL, '2021-12-27 10:06:58', '2021-12-27 10:31:34');
INSERT INTO `accessorystocks` VALUES ('99789fd7-0df5-4a52-8227-70d04e93d942', 'Electric Desk on Desk (Single Monitor)', 'WHITE', 'Height Range : 141-571mm (lower-tray included) Supports VESA Monitors only Gross Weight : 20kg Carrying Weight : (upper tray) 15kg ; (lower tray) 2kg', 'http://blueoceanblue.com:4000/uploads/stocks/1640666268652-E-Desk-on-Desk.jpg', 2900, 0, 0, 0, NULL, NULL, '2021-12-28 04:37:48', '2021-12-28 04:37:48');
INSERT INTO `accessorystocks` VALUES ('9cd21849-4fc8-4337-9191-a84dcdaa3e03', 'Voyage Standing Desk Converter', '', 'Single Monitor version, Weight Capacity: 50kg', 'http://blueoceanblue.com:4000/uploads/stocks/1640603547921-JC-Desk-on-Desk.jpg', 2499, 0, 0, 0, NULL, NULL, '2021-12-27 11:12:28', '2021-12-27 11:12:28');
INSERT INTO `accessorystocks` VALUES ('9ea43207-89d9-4380-b623-74f6d1303858', 'Atlas Headrest', 'Graphite', '', 'http://blueoceanblue.com:4000/uploads/stocks/1640600714528-ASH_Headrest-Pose-1024x768.jpg', 1650, 0, 0, 0, NULL, NULL, '2021-12-27 10:09:04', '2021-12-27 10:25:14');
INSERT INTO `accessorystocks` VALUES ('b1385425-d4c9-4de8-815a-912481075d0d', 'Vertebrae Cable Management Spine', '', 'Dimensions: 1300x67x35mm ', 'http://blueoceanblue.com:4000/uploads/stocks/1640602095479-1_bd850407-d914-4ca7-a99a-66b19021151d_600x_crop_center.jpg', 300, 0, 0, 0, NULL, NULL, '2021-12-27 10:48:15', '2021-12-27 10:50:05');
INSERT INTO `accessorystocks` VALUES ('b2854b4c-0c52-4e33-ad71-cc6980e600b0', 'Add-on Dual Level Monitor Stand', '', 'Height: 110mm excluding table top, material: ', 'http://blueoceanblue.com:4000/uploads/stocks/1640603877751-Dual Level.jpg', 1400, 0, 0, 0, NULL, NULL, '2021-12-27 11:17:57', '2021-12-27 11:22:35');
INSERT INTO `accessorystocks` VALUES ('b3a5405d-0df5-4920-bb48-795fd109c3d0', 'Premium Cable Tray', 'Black', '', 'http://blueoceanblue.com:4000/uploads/stocks/1640600991855-PCT 1.jpg', 650, 0, 0, 0, NULL, NULL, '2021-12-27 10:07:30', '2021-12-27 10:29:52');
INSERT INTO `accessorystocks` VALUES ('b81f80dd-ec76-43f1-8f8a-d3a455408436', 'Keyboard Tray', '', '', 'http://blueoceanblue.com:4000/uploads/stocks/1640602428845-keyboard-trayFMKT002-size-eng-infographic.jpg', 850, 0, 0, 0, NULL, NULL, '2021-12-27 10:53:49', '2021-12-27 10:53:49');
INSERT INTO `accessorystocks` VALUES ('c857723a-2239-4d84-b391-a401bf21d3e2', 'Single Monitor Arm', '', 'Weight Capacity: 8KG, Clamp Type', 'http://blueoceanblue.com:4000/uploads/stocks/1640601717280-DVS-DRL7-Dragonfly.jpg', 1500, 0, 0, 0, NULL, NULL, '2021-12-27 10:41:57', '2021-12-27 10:41:57');
INSERT INTO `accessorystocks` VALUES ('c93f5d93-3b7b-432c-864f-ebb4c099cea4', 'Soft Casters for Hard Floor', '', 'For Okamura Chairs', '', 500, 0, 0, 0, NULL, NULL, '2021-12-28 04:31:44', '2021-12-28 04:31:44');
INSERT INTO `accessorystocks` VALUES ('cd89a31f-06ac-4b4d-ad0c-f35ee1e9a5a8', 'Upholstered Partition Panel', 'TBC', 'Thickness: 16mm', 'http://blueoceanblue.com:4000/uploads/stocks/1640600926895-partition_01-top.jpg', 1300, 0, 0, 0, NULL, NULL, '2021-12-27 10:10:49', '2021-12-28 07:49:35');
INSERT INTO `accessorystocks` VALUES ('d085af3d-f17b-41f7-b433-778e9c431ffa', 'Magnetic Tube', '', '', 'http://blueoceanblue.com:4000/uploads/stocks/1640601310121-magnetic tubes 2.png', 150, 0, 0, 0, NULL, NULL, '2021-12-27 10:14:56', '2021-12-27 10:35:10');
INSERT INTO `accessorystocks` VALUES ('d8d3a527-d3f4-4224-b168-2c653d476a75', 'Add-on Lockable Caster Wheels', '', 'with 7cm added height', 'http://blueoceanblue.com:4000/uploads/stocks/1640602489684-Casters.jpg', 300, 0, 0, 0, NULL, NULL, '2021-12-27 10:54:49', '2021-12-27 10:55:04');
INSERT INTO `accessorystocks` VALUES ('e3a36955-0dab-468f-a926-aca2dc8050e6', 'Add-on Drawer', 'Drawer', 'L403 x W268 x H73mm (inner)\nL350 x W250 x H70mm (outer)', 'http://blueoceanblue.com:4000/uploads/stocks/1640600672563-Drawer-3.jpg', 850, 0, 0, 0, NULL, NULL, '2021-12-27 10:09:36', '2022-05-02 09:47:18');
INSERT INTO `accessorystocks` VALUES ('e826b491-fe8b-4bac-b2dc-66784079cdcd', 'Standing Desk Converter 2018 Design', '', 'Weight capacity: 15KG', 'http://blueoceanblue.com:4000/uploads/stocks/1640603398657-2018 Standing Desk converter.jpg', 1499, 0, 0, 0, NULL, NULL, '2021-12-27 11:09:58', '2022-01-25 07:06:35');
INSERT INTO `accessorystocks` VALUES ('ef82dfa7-55fc-4dd8-8f5f-ec59855e75c3', 'Mini Mobile Pedestal', '', 'Size: H580*W300*D500mm', 'http://blueoceanblue.com:4000/uploads/stocks/1640602570252-Photo 7-12-2020, 3 52 35 PM.jpg', 1300, 0, 0, 0, NULL, NULL, '2021-12-27 10:37:17', '2021-12-27 10:56:10');
INSERT INTO `accessorystocks` VALUES ('f39c3ee7-2c27-40b1-9337-29e4201bbf22', 'Elite Standing Desk Converter', '', 'Worksurface weight capacity: 15Kg Keyboard weight capacity: 2Kg', 'http://blueoceanblue.com:4000/uploads/stocks/1640603099978-Elite-Dimensions.jpg', 1799, 0, 0, 0, NULL, NULL, '2021-12-27 11:05:00', '2021-12-27 11:05:00');

-- ----------------------------
-- Table structure for accessorytoorders
-- ----------------------------
DROP TABLE IF EXISTS `accessorytoorders`;
CREATE TABLE `accessorytoorders`  (
  `id` char(36) CHARACTER SET utf8mb4 COLLATE utf8mb4_bin NOT NULL,
  `unitPrice` float NOT NULL DEFAULT 1000,
  `qty` int NOT NULL DEFAULT 1,
  `deliveryOption` varchar(255) CHARACTER SET utf8mb4 COLLATE utf8mb4_general_ci NOT NULL DEFAULT 'Delivery Included',
  `preOrder` tinyint(1) NOT NULL DEFAULT 0,
  `preDeliveryDate` date NULL DEFAULT NULL,
  `estDeliveryDate` date NULL DEFAULT NULL,
  `from` time NULL DEFAULT NULL,
  `to` time NULL DEFAULT NULL,
  `delivered` tinyint(1) NOT NULL DEFAULT 0,
  `poNum` tinyint(1) NOT NULL DEFAULT 0,
  `signURL` varchar(255) CHARACTER SET utf8mb4 COLLATE utf8mb4_general_ci NOT NULL DEFAULT '',
  `remark` varchar(255) CHARACTER SET utf8mb4 COLLATE utf8mb4_general_ci NOT NULL DEFAULT '',
  `createdAt` datetime NOT NULL,
  `updatedAt` datetime NOT NULL,
  `orderId` char(36) CHARACTER SET utf8mb4 COLLATE utf8mb4_bin NULL DEFAULT NULL,
  `stockId` char(36) CHARACTER SET utf8mb4 COLLATE utf8mb4_bin NULL DEFAULT NULL,
  PRIMARY KEY (`id`) USING BTREE,
  INDEX `accessorytoorders_orderId_foreign_idx`(`orderId`) USING BTREE,
  INDEX `accessorytoorders_stockId_foreign_idx`(`stockId`) USING BTREE,
  CONSTRAINT `accessorytoorders_orderId_foreign_idx` FOREIGN KEY (`orderId`) REFERENCES `salesorders` (`id`) ON DELETE CASCADE ON UPDATE CASCADE,
  CONSTRAINT `accessorytoorders_stockId_foreign_idx` FOREIGN KEY (`stockId`) REFERENCES `accessorystocks` (`id`) ON DELETE SET NULL ON UPDATE CASCADE
) ENGINE = InnoDB CHARACTER SET = utf8mb4 COLLATE = utf8mb4_general_ci ROW_FORMAT = Dynamic;

-- ----------------------------
-- Records of accessorytoorders
-- ----------------------------
INSERT INTO `accessorytoorders` VALUES ('07550eff-8d56-457c-81a5-5b96db9765b6', 650, 1, '[\"Delivery and installation included\"]', 1, NULL, NULL, NULL, NULL, 0, 0, '', '', '2022-02-04 09:18:07', '2022-02-04 09:18:07', '4fc7d54a-ab6b-4e50-86df-ed7bd6d215b6', '2100665b-0f6c-447b-9db0-d95babeaeeba');
INSERT INTO `accessorytoorders` VALUES ('138a3352-18e7-4a78-b3e8-b44c4c85ced4', 1650, 1, '[]', 1, NULL, NULL, NULL, NULL, 0, 0, '', '', '2022-01-31 05:11:43', '2022-01-31 05:11:43', 'fb71e8e5-c7fc-4f03-97be-ba465316d954', '9ea43207-89d9-4380-b623-74f6d1303858');
INSERT INTO `accessorytoorders` VALUES ('1550b357-6790-4302-a19f-e2e5d41426bb', 1650, 1, '[]', 1, NULL, NULL, NULL, NULL, 0, 0, '', '', '2022-02-07 04:48:23', '2022-02-07 04:48:23', 'e0cd5c63-f045-4438-af78-1c15b6a147ad', '9ea43207-89d9-4380-b623-74f6d1303858');
INSERT INTO `accessorytoorders` VALUES ('35ae63de-50cb-4a05-b0f3-02e50a72c9d7', 330, 1, '[\"Delivery and installation included\"]', 1, NULL, NULL, NULL, NULL, 0, 0, '', '', '2022-02-04 08:25:01', '2022-02-04 08:25:01', '2826adc0-64b1-4bb6-8aea-0bc89a78202b', '92a62123-e484-4790-a43e-c22746ec06d1');
INSERT INTO `accessorytoorders` VALUES ('5974b8e7-3401-469c-bbc2-37c0590a5d38', 300, 1, '[]', 1, NULL, NULL, NULL, NULL, 0, 0, '', '', '2022-02-09 08:23:20', '2022-02-09 08:23:20', '261d994b-d494-4fc4-95d1-989f6bf9c1a5', '55044afa-7870-49dd-9d3f-c48254b17ac4');
INSERT INTO `accessorytoorders` VALUES ('67ca3350-b60f-45b9-b913-64cd07a4f3da', 330, 1, '[\"Delivery and installation included\"]', 0, NULL, NULL, NULL, NULL, 0, 0, '', '', '2022-02-16 07:11:17', '2022-02-16 07:11:17', '2345fd43-1b30-41b0-9e7f-ca44705f60a1', '86950b07-3868-4180-8e60-45d122710a96');
INSERT INTO `accessorytoorders` VALUES ('6f4f0f84-de12-4d0f-8958-c3e648b47975', 650, 1, '[\"Delivery and installation included\"]', 1, NULL, NULL, NULL, NULL, 0, 0, '', '', '2022-02-18 07:34:58', '2022-02-18 07:34:58', 'ce0f2727-ca05-4a49-82db-3f011bc48102', '2100665b-0f6c-447b-9db0-d95babeaeeba');
INSERT INTO `accessorytoorders` VALUES ('9327383f-2ca6-4ac0-b80c-1249257effca', 650, 1, '[\"Delivery and installation included\"]', 1, NULL, NULL, NULL, NULL, 0, 0, '', '', '2022-02-04 04:25:23', '2022-02-04 04:25:23', '26162033-88a3-47f2-a9f9-d0712e76f4be', '2100665b-0f6c-447b-9db0-d95babeaeeba');
INSERT INTO `accessorytoorders` VALUES ('9362519b-123c-4811-b044-8016daad3d54', 1499, 1, '[\"Delivery and installation included\"]', 1, NULL, NULL, NULL, NULL, 0, 0, '', '', '2022-01-25 08:10:59', '2022-01-25 08:10:59', '57382425-4f01-4370-8572-d8ed30c485c3', 'e826b491-fe8b-4bac-b2dc-66784079cdcd');
INSERT INTO `accessorytoorders` VALUES ('94f0b396-08bb-4f1c-830d-e75981b18021', 650, 1, '[\"Delivery and installation included\"]', 1, NULL, NULL, NULL, NULL, 0, 0, '', '', '2022-01-12 09:32:04', '2022-01-12 09:32:04', '1b56d5a9-be7f-4280-b057-1480b1805fc8', 'b3a5405d-0df5-4920-bb48-795fd109c3d0');
INSERT INTO `accessorytoorders` VALUES ('9743f207-96b4-4f16-9dda-0ac110fe22b8', 1650, 1, '[\"Delivery and installation included\"]', 1, NULL, NULL, NULL, NULL, 0, 0, '', '', '2022-02-15 07:30:26', '2022-02-15 07:30:26', '5f753a19-bd82-4265-9a68-671b72c1f1c1', '9ea43207-89d9-4380-b623-74f6d1303858');
INSERT INTO `accessorytoorders` VALUES ('9a9fd23f-1a74-4291-8066-bff728770639', 1650, 1, '[\"Delivery and installation included\"]', 1, NULL, NULL, NULL, NULL, 0, 0, '', '', '2022-01-19 11:15:29', '2022-01-19 11:15:29', '35417c21-f9dd-4ddf-8e03-300620145054', '9ea43207-89d9-4380-b623-74f6d1303858');
INSERT INTO `accessorytoorders` VALUES ('9e71ef57-4082-4371-bd5e-9e1b109bdbce', 650, 1, '[\"Delivery and installation included\"]', 1, NULL, NULL, NULL, NULL, 0, 0, '', '', '2022-01-12 09:32:04', '2022-01-12 09:32:04', '1b56d5a9-be7f-4280-b057-1480b1805fc8', '505b9753-203f-4840-a018-d422eae69db2');
INSERT INTO `accessorytoorders` VALUES ('9eb4669b-13f4-4b6a-a04c-14ca3b035f8d', 150, 1, '[\"Delivery and installation included\"]', 1, NULL, NULL, NULL, NULL, 0, 0, '', '', '2022-02-16 07:11:17', '2022-02-16 07:11:17', '2345fd43-1b30-41b0-9e7f-ca44705f60a1', 'd085af3d-f17b-41f7-b433-778e9c431ffa');
INSERT INTO `accessorytoorders` VALUES ('a5719920-b9dd-4266-93aa-192e108bbd2e', 550, 1, '[\"Delivery and installation included\"]', 1, NULL, NULL, NULL, NULL, 0, 0, '', '', '2022-02-13 08:26:23', '2022-02-13 08:26:23', 'e24699ba-ee57-48e6-a344-92bcd9494a6b', '16ee0d27-963d-44e6-a29c-906fedaf5006');
INSERT INTO `accessorytoorders` VALUES ('c6592147-9b9e-4f53-bd32-c09b404661ef', 850, 2, '[\"Delivery and installation included\"]', 1, NULL, NULL, NULL, NULL, 0, 0, '', '', '2022-02-04 13:21:40', '2022-02-04 13:21:40', '6475d8f7-3b29-417e-89ee-d347b1588d9d', 'e3a36955-0dab-468f-a926-aca2dc8050e6');
INSERT INTO `accessorytoorders` VALUES ('d4cbea74-5f98-4ddf-b4a1-72363d61fbdc', 300, 1, '[\"Delivery and installation included\"]', 1, NULL, NULL, NULL, NULL, 0, 0, '', '', '2022-02-12 09:34:03', '2022-02-12 09:34:03', '4f212805-2fed-469a-9398-826138c2d8a4', '55044afa-7870-49dd-9d3f-c48254b17ac4');
INSERT INTO `accessorytoorders` VALUES ('e30106f4-32d2-422e-98ad-52a898efce64', 330, 1, '[\"Delivery and installation included\"]', 1, NULL, NULL, NULL, NULL, 0, 0, '', '', '2022-02-13 08:26:23', '2022-02-13 08:26:23', 'e24699ba-ee57-48e6-a344-92bcd9494a6b', '92a62123-e484-4790-a43e-c22746ec06d1');

-- ----------------------------
-- Table structure for accessorytoquotations
-- ----------------------------
DROP TABLE IF EXISTS `accessorytoquotations`;
CREATE TABLE `accessorytoquotations`  (
  `id` char(36) CHARACTER SET utf8mb4 COLLATE utf8mb4_bin NOT NULL,
  `unitPrice` float NOT NULL DEFAULT 1000,
  `qty` int NOT NULL DEFAULT 1,
  `deliveryOption` varchar(255) CHARACTER SET utf8mb4 COLLATE utf8mb4_general_ci NOT NULL DEFAULT 'Delivery Included',
  `remark` varchar(255) CHARACTER SET utf8mb4 COLLATE utf8mb4_general_ci NULL DEFAULT NULL,
  `createdAt` datetime NOT NULL,
  `updatedAt` datetime NOT NULL,
  `quotationId` char(36) CHARACTER SET utf8mb4 COLLATE utf8mb4_bin NULL DEFAULT NULL,
  `stockId` char(36) CHARACTER SET utf8mb4 COLLATE utf8mb4_bin NULL DEFAULT NULL,
  PRIMARY KEY (`id`) USING BTREE,
  INDEX `accessorytoquotations_quotationId_foreign_idx`(`quotationId`) USING BTREE,
  INDEX `accessorytoquotations_stockId_foreign_idx`(`stockId`) USING BTREE,
  CONSTRAINT `FK_accessorytoquotations_quotations` FOREIGN KEY (`quotationId`) REFERENCES `quotations` (`id`) ON DELETE SET NULL ON UPDATE CASCADE,
  CONSTRAINT `accessorytoquotations_stockId_foreign_idx` FOREIGN KEY (`stockId`) REFERENCES `accessorystocks` (`id`) ON DELETE SET NULL ON UPDATE CASCADE
) ENGINE = InnoDB CHARACTER SET = utf8mb4 COLLATE = utf8mb4_general_ci ROW_FORMAT = Dynamic;

-- ----------------------------
-- Records of accessorytoquotations
-- ----------------------------
INSERT INTO `accessorytoquotations` VALUES ('11dc0be7-4f7f-44c1-a38c-7a1f8b776ffb', 330, 1, '[\"Delivery and installation included\"]', 'Delivery Included', '2022-01-11 04:32:32', '2022-01-11 04:32:32', 'cb62282a-8cf9-45e5-ae4b-87d014ba381f', '86950b07-3868-4180-8e60-45d122710a96');
INSERT INTO `accessorytoquotations` VALUES ('4350ffb2-5688-42b6-8134-96015aac1bec', 1650, 1, '[]', 'Delivery Included', '2022-02-19 10:02:06', '2022-02-19 10:02:06', '9a865d3f-f5bb-4274-a97c-fd988bd5f093', '9ea43207-89d9-4380-b623-74f6d1303858');

-- ----------------------------
-- Table structure for chairstocks
-- ----------------------------
DROP TABLE IF EXISTS `chairstocks`;
CREATE TABLE `chairstocks`  (
  `id` char(36) CHARACTER SET utf8mb4 COLLATE utf8mb4_bin NOT NULL,
  `brand` varchar(255) CHARACTER SET utf8mb4 COLLATE utf8mb4_general_ci NOT NULL DEFAULT '',
  `model` varchar(255) CHARACTER SET utf8mb4 COLLATE utf8mb4_general_ci NOT NULL DEFAULT '',
  `frameColor` varchar(255) CHARACTER SET utf8mb4 COLLATE utf8mb4_general_ci NOT NULL DEFAULT '',
  `backColor` varchar(255) CHARACTER SET utf8mb4 COLLATE utf8mb4_general_ci NOT NULL DEFAULT '',
  `seatColor` varchar(255) CHARACTER SET utf8mb4 COLLATE utf8mb4_general_ci NOT NULL DEFAULT '',
  `backMaterial` varchar(255) CHARACTER SET utf8mb4 COLLATE utf8mb4_general_ci NOT NULL DEFAULT '',
  `seatMaterial` varchar(255) CHARACTER SET utf8mb4 COLLATE utf8mb4_general_ci NOT NULL DEFAULT '',
  `withHeadrest` tinyint(1) NOT NULL DEFAULT 1,
  `withAdArmrest` tinyint(1) NOT NULL DEFAULT 1,
  `remark` varchar(255) CHARACTER SET utf8mb4 COLLATE utf8mb4_general_ci NOT NULL DEFAULT '',
  `thumbnailURL` varchar(255) CHARACTER SET utf8mb4 COLLATE utf8mb4_general_ci NOT NULL DEFAULT '',
  `unitPrice` float NOT NULL DEFAULT 1000,
  `balance` int NOT NULL DEFAULT 0,
  `qty` int NOT NULL DEFAULT 0,
  `shipmentDate` date NULL DEFAULT NULL,
  `arrivalDate` date NULL DEFAULT NULL,
  `isRegistered` tinyint(1) NULL DEFAULT NULL,
  `createdAt` datetime NOT NULL,
  `updatedAt` datetime NOT NULL,
  PRIMARY KEY (`id`) USING BTREE
) ENGINE = InnoDB CHARACTER SET = utf8mb4 COLLATE = utf8mb4_general_ci ROW_FORMAT = Dynamic;

-- ----------------------------
-- Records of chairstocks
-- ----------------------------
INSERT INTO `chairstocks` VALUES ('00a42064-3626-4e00-8e8b-b8d5b3085159', 'Okamura ', 'Legender Extra High Back (closed arms - plain version)', 'N/A', '', '', 'Leather', 'Leather', 1, 0, '', 'http://blueoceanblue.com:4000/uploads/stocks/1640182493684-sku-395057.jpg', 36200, 0, 0, NULL, NULL, 0, '2021-12-19 16:33:15', '2021-12-22 14:14:53');
INSERT INTO `chairstocks` VALUES ('013da5f2-f1ed-4d27-8fba-1e24fb9a70de', 'Nightingale', 'NLC HB Full Leather version with flip up arms', 'BLACK', 'Clay #435', 'Clay #435', 'Leather', 'Leather', 1, 0, '', 'http://blueoceanblue.com:4000/uploads/stocks/1644488497989-Nightingale_NLC HB Full Leather version with flip up arms_clay.png', 10000, 0, 0, NULL, NULL, 0, '2021-12-19 16:33:15', '2022-02-10 10:21:38');
INSERT INTO `chairstocks` VALUES ('0225c2b7-ee17-4fa9-80ae-73f79fb25a42', 'Nightingale', 'CXO6200D Heavy Duty', 'Dark Grey', 'Black', 'Plum BEE012', 'Mesh', 'Fabric', 1, 1, '', 'http://blueoceanblue.com:4000/uploads/stocks/1640329465353-CXOhd_6200Dhd_HB.jpg', 11500, 0, 0, NULL, NULL, 0, '2021-12-19 16:33:15', '2021-12-24 07:04:25');
INSERT INTO `chairstocks` VALUES ('03772cec-7708-42e8-8456-e500b7d77bb7', '** NO BRAND **', 'Uni Chair (without headrest)', 'WHITE', 'Black Y-01', 'Black Y-01', 'Mesh ', 'Mesh ', 0, 1, '', '', 2949, 0, 0, NULL, NULL, 0, '2021-12-19 16:33:15', '2021-12-28 04:45:43');
INSERT INTO `chairstocks` VALUES ('037d48ac-6997-47b1-894b-b210f4afdd8d', 'Okamura ', 'Contessa with small headrest (Full Mesh Version)', 'POLISHED', '', '', 'Mesh', 'Mesh', 1, 1, '', 'http://blueoceanblue.com:4000/uploads/stocks/1640341115132-t01-f01-b01-s01-r02-h02-l01-a01-k01-FPG6_1.jpg', 11200, 0, 0, NULL, NULL, 0, '2021-12-19 16:33:15', '2021-12-24 10:18:35');
INSERT INTO `chairstocks` VALUES ('03a1d2e9-254e-488f-a288-0701daa1e6c7', 'Nightingale', 'CXO 6200D', 'Dark Grey', 'Black', 'Java BEE11', 'Mesh', 'Fabric', 1, 1, '', 'http://blueoceanblue.com:4000/uploads/stocks/1644383198946-螢幕擷取畫面 2022-02-09 130610.png', 9000, 0, 0, NULL, NULL, 0, '2021-12-19 16:33:15', '2022-02-09 05:06:39');
INSERT INTO `chairstocks` VALUES ('057a74a1-1323-4748-a556-1cdf3320cb1b', 'Nightingale', 'CXO L6200D Full Leather', 'Dark Grey', 'Burgundy #475', 'Burgundy #475', 'Leather', 'Leather', 1, 1, '', 'http://blueoceanblue.com:4000/uploads/stocks/1644489234712-螢幕擷取畫面 2022-02-10 183315.png', 11500, 0, 0, NULL, NULL, 0, '2021-12-19 16:33:15', '2022-02-10 10:33:54');
INSERT INTO `chairstocks` VALUES ('057b93b2-9120-4123-a9e3-0e5b3e457722', '** NO BRAND **', 'Eames Mid Back Chair (Full Leather version)', 'N/A', '', '', 'Leather', 'Leather', 0, 0, '', '', 3099, 0, 0, NULL, NULL, 0, '2021-12-19 16:33:15', '2021-12-19 16:33:15');
INSERT INTO `chairstocks` VALUES ('0601a3f8-b1b3-4bb4-a55f-585fd3ce9778', 'Nightingale', 'IC2 Full Leather', 'BLACK', 'Aspen #300', 'Aspen #300', 'Leather', 'Leather', 0, 0, '', 'http://blueoceanblue.com:4000/uploads/stocks/1644490714642-螢幕擷取畫面 2022-02-10 185707.png', 9099, 0, 0, NULL, NULL, 0, '2021-12-19 16:33:15', '2022-02-10 10:58:34');
INSERT INTO `chairstocks` VALUES ('062f5e7a-4e6e-4b89-b540-56a246721945', '** NO BRAND **', 'MO Chair Regular Version ', 'BLACK', 'Green H-05', 'Green H-05', 'Mesh ', 'Mesh ', 1, 1, '', 'http://blueoceanblue.com:4000/uploads/stocks/1645073173233-螢幕擷取畫面 2022-02-17 124540.png', 4249, 0, 0, NULL, NULL, 0, '2021-12-19 16:33:15', '2022-02-17 04:46:13');
INSERT INTO `chairstocks` VALUES ('06c4d9c4-1b04-4b5d-af85-015ce5e3c483', '** NO BRAND **', 'Uni Chair (without headrest)', 'BLACK', 'Orange Y-03 ', 'Orange Y-03 ', 'Mesh ', 'Mesh ', 0, 1, '', '', 2699, 0, 0, NULL, NULL, 0, '2021-12-19 16:33:15', '2021-12-28 04:45:07');
INSERT INTO `chairstocks` VALUES ('06ceb99b-617e-48b6-b812-d7b3dc2afdf7', 'Nightingale', 'CXO 6200D UFST', 'Dark Grey', 'Silver', 'Poppy #430', 'Mesh', 'Leather', 1, 1, '', 'http://blueoceanblue.com:4000/uploads/stocks/1645003830712-Nightingale_CXO 6200D UFST_430.png', 10900, 0, 0, NULL, NULL, 0, '2021-12-19 16:33:15', '2022-02-16 09:30:31');
INSERT INTO `chairstocks` VALUES ('073f2919-9eb8-430a-b749-65754fae40bd', 'Allseating ', 'You Too Mid Back', 'BLACK', 'IRON (Black)', 'Midnight Black', 'Mesh', 'Fabric', 0, 1, '', 'http://blueoceanblue.com:4000/uploads/stocks/1640331763289-ergonofis-chair-black-iron-black-none-youtoo-ergonomic-chair-29700506550423_900x.jpg', 6200, 0, 0, NULL, NULL, 0, '2021-12-19 16:33:15', '2021-12-24 07:42:43');
INSERT INTO `chairstocks` VALUES ('093a233c-ae1d-4f61-97b4-cd6229627189', '** NO BRAND **', 'Y Chair HB Version (Chinese Mesh)', 'WHITE', '', '', 'Mesh ', 'Mesh ', 0, 1, '', '', 2550, 0, 0, NULL, NULL, 0, '2021-12-19 16:33:15', '2021-12-28 04:44:53');
INSERT INTO `chairstocks` VALUES ('0a6a7b3c-fad3-4f04-bdb7-3426923a5788', 'Duorest ', 'A50H', 'Black', 'Green', 'Green', 'Fabric', 'Fabric', 1, 1, '', 'http://blueoceanblue.com:4000/uploads/stocks/1640334188110-A50 green.jpg', 5100, 0, 0, NULL, NULL, 0, '2021-12-19 16:33:15', '2021-12-24 08:23:08');
INSERT INTO `chairstocks` VALUES ('0b951b60-c9ac-403f-968f-b8b54358aa87', 'Nightingale', 'IC2 UFST', 'BLACK', 'BLACK', 'Ginger #375', 'Mesh', 'Leather', 1, 1, '', 'http://blueoceanblue.com:4000/uploads/stocks/1644482117953-螢幕擷取畫面 2022-02-10 163502.png', 8499, 0, 0, NULL, NULL, 0, '2021-12-19 16:33:15', '2022-02-10 08:35:18');
INSERT INTO `chairstocks` VALUES ('0ba61bf6-96a8-43d1-88b7-26f48330d122', 'Duorest ', 'A50H', 'Black', 'Grey', 'Grey', 'Fabric', 'Fabric', 1, 1, '', 'http://blueoceanblue.com:4000/uploads/stocks/1640334098627-Layer-541.jpg', 5100, 0, 0, NULL, NULL, 0, '2021-12-19 16:33:15', '2021-12-24 08:21:38');
INSERT INTO `chairstocks` VALUES ('0bade556-c3e6-436c-815b-4d30d64396ae', 'Ergohuman', 'Plus Deluxe', 'BLACK', 'Bright Red KMD-32', 'Bright Red KMD-32', 'Mesh ', 'Mesh ', 1, 1, '', 'http://blueoceanblue.com:4000/uploads/stocks/1644555136838-KMD-32.jpg', 6200, 0, 0, NULL, NULL, 0, '2021-12-19 16:33:15', '2022-02-11 04:52:17');
INSERT INTO `chairstocks` VALUES ('0cfbe970-1a3b-4167-ba0d-072b2b1501e9', 'Wagner', 'Alumedic 10', 'Black', 'Green', 'Green', 'Mesh ', 'Fabric', 1, 1, '', 'http://blueoceanblue.com:4000/uploads/stocks/1640336209935-Alumedic 10 green.jpg', 8200, 0, 0, NULL, NULL, 0, '2021-12-19 16:33:15', '2021-12-24 08:56:50');
INSERT INTO `chairstocks` VALUES ('0def9173-bcc2-4dc7-be27-2cbbee61eb56', 'Nightingale', 'CXO6200D Heavy Duty', 'Dark Grey', 'Black', 'Gris BEE008', 'Mesh', 'Fabric', 1, 1, '', 'http://blueoceanblue.com:4000/uploads/stocks/1640329485478-CXOhd_6200Dhd_HB.jpg', 11500, 0, 0, NULL, NULL, 0, '2021-12-19 16:33:15', '2021-12-24 07:04:45');
INSERT INTO `chairstocks` VALUES ('0df400ca-756f-4c20-9e2a-5609e8111fc6', 'Nightingale', 'CXO 6200D', 'Dark Grey', 'Black', 'Lapis BEE016', 'Mesh', 'Fabric', 1, 1, '', 'http://blueoceanblue.com:4000/uploads/stocks/1644383366556-螢幕擷取畫面 2022-02-09 130843.png', 9000, 0, 0, NULL, NULL, 0, '2021-12-19 16:33:15', '2022-02-09 05:09:26');
INSERT INTO `chairstocks` VALUES ('0faf9c86-ab4c-4209-800f-f2d491472fd2', 'Ergohuman', 'Plus Deluxe', 'BLACK', 'Bright Blue KMD-35', 'Bright Blue KMD-35', 'Mesh ', 'Mesh ', 1, 1, '', 'http://blueoceanblue.com:4000/uploads/stocks/1644555145317-KMD-35.jpg', 6200, 0, 0, NULL, NULL, 0, '2021-12-19 16:33:15', '2022-02-11 04:52:25');
INSERT INTO `chairstocks` VALUES ('0fdf510c-4f53-443e-921b-f99bc08ec3a6', '** NO BRAND **', 'P3 Stack Chair', '', '', '', 'Mesh ', 'PU', 0, 0, '', 'http://blueoceanblue.com:4000/uploads/stocks/1643001618426-P3 Chair.jpg', 1899, 0, 0, NULL, NULL, 1, '2022-01-24 05:20:18', '2022-01-31 04:58:35');
INSERT INTO `chairstocks` VALUES ('10646a02-2adc-4ed9-9856-65a313f80605', 'Nightingale', 'NLC HB Full Leather version with flip up arms', 'BLACK', 'Swan White #456', 'Swan White #456', 'Leather', 'Leather', 1, 0, '', 'http://blueoceanblue.com:4000/uploads/stocks/1644488504305-Nightingale_NLC HB Full Leather version with flip up arms_swanwhite.png', 10000, 0, 0, NULL, NULL, 0, '2021-12-19 16:33:15', '2022-02-10 10:21:44');
INSERT INTO `chairstocks` VALUES ('113bf33b-b845-442e-a27d-4e45eb56b4e2', 'Nightingale', 'IC2 UFST', 'BLACK', 'BLACK', 'Aspen #300', 'Mesh', 'Leather', 1, 1, '', 'http://blueoceanblue.com:4000/uploads/stocks/1644482161238-螢幕擷取畫面 2022-02-10 163549.png', 8499, 0, 0, NULL, NULL, 0, '2021-12-19 16:33:15', '2022-02-10 08:36:01');
INSERT INTO `chairstocks` VALUES ('11dc9417-9f04-4f22-bb9f-f93e47400802', 'Okamura ', 'Cynara Accent Color (Armless -Regular Carpet Casters)', 'N/A', '', '', 'Mesh', 'Mesh', 0, 0, '', 'http://blueoceanblue.com:4000/uploads/stocks/1640182700637-sku-667692.jpg', 5200, 0, 0, NULL, NULL, 0, '2021-12-19 16:33:15', '2021-12-22 14:18:20');
INSERT INTO `chairstocks` VALUES ('11e96bc6-4871-4ba2-b9cb-42ed4bf6d68b', 'Nightingale', 'IC2 UFST', 'BLACK', 'BLACK', 'Thistle 2194', 'Mesh', 'Fabric', 1, 1, '', 'http://blueoceanblue.com:4000/uploads/stocks/1644483610883-螢幕擷取畫面 2022-02-10 165944.png', 8099, 0, 0, NULL, NULL, 0, '2021-12-19 16:33:15', '2022-02-10 09:00:11');
INSERT INTO `chairstocks` VALUES ('12c8cb81-2292-4b20-bdb5-05c5dbb5792c', 'Topstar', 'Sitness Half Ball Chair', 'N/A', '', '', 'N/A', 'Fabric', 0, 0, '', 'http://blueoceanblue.com:4000/uploads/stocks/1640337233633-halfball_-330x330.jpg', 2899, 0, 0, NULL, NULL, 0, '2021-12-19 16:33:15', '2021-12-24 09:13:53');
INSERT INTO `chairstocks` VALUES ('138d81ac-ddcc-4f93-90c9-3cd2d176a10a', 'Ergohuman', 'Plus Deluxe', 'BLACK', 'Burgundy KMD-37', 'Burgundy KMD-37', 'Mesh ', 'Mesh ', 1, 1, '', 'http://blueoceanblue.com:4000/uploads/stocks/1644556601254-KMD-37.jpeg', 6200, 0, 0, NULL, NULL, 0, '2021-12-19 16:33:15', '2022-02-11 05:16:41');
INSERT INTO `chairstocks` VALUES ('13c8dd53-9e52-45e3-bfce-f3c284f9c9a4', 'Wagner', 'W3 Stool', 'Black', 'N/A', 'Green', 'N/A', 'Fabric', 1, 1, '', 'http://blueoceanblue.com:4000/uploads/stocks/1640336910931-61DWeyTYDuL._AC_SL1500_.jpg', 4099, 0, 0, NULL, NULL, 0, '2021-12-19 16:33:15', '2021-12-24 09:08:31');
INSERT INTO `chairstocks` VALUES ('14873d5f-e3b3-4fc1-a45f-e2c0da919599', 'Okamura ', 'Cynara Accent Color (Armless -Soft Hollow Casters)', 'N/A', '', '', 'Mesh', 'Mesh', 0, 0, '', 'http://blueoceanblue.com:4000/uploads/stocks/1640182770479-sku-667693.jpg', 5800, 0, 0, NULL, NULL, 0, '2021-12-19 16:33:15', '2021-12-22 14:19:30');
INSERT INTO `chairstocks` VALUES ('14ba41d6-dbf5-4657-a7ef-baabbb72f883', '** NO BRAND **', 'Groom Guest Chair (w/ Leather Armrests Half Leather version)', 'N/A', '', '', 'Leather', 'Leather', 0, 0, '', 'http://blueoceanblue.com:4000/uploads/stocks/1640667885043-Groom.jpg', 3199, 0, 0, NULL, NULL, 0, '2021-12-19 16:33:15', '2021-12-28 05:04:45');
INSERT INTO `chairstocks` VALUES ('1513ba6c-07af-4b38-8023-50d3a1d74901', 'Nightingale', 'IC2 Full Leather', 'BLACK', 'Brownie #295', 'Brownie #295', 'Leather', 'Leather', 0, 0, '', 'http://blueoceanblue.com:4000/uploads/stocks/1644490751526-螢幕擷取畫面 2022-02-10 185741.png', 9099, 0, 0, NULL, NULL, 0, '2021-12-19 16:33:15', '2022-02-10 10:59:11');
INSERT INTO `chairstocks` VALUES ('16847a9a-7edd-4834-a48c-707101fcdfd8', '** NO BRAND **', 'Vision Chair', 'WHITE', 'Orange Y-03 ', 'Orange Y-03 ', 'Mesh ', 'Mesh ', 1, 1, '', 'http://blueoceanblue.com:4000/uploads/stocks/1645075268862-螢幕擷取畫面 2022-02-17 131933.png', 3249, 0, 0, NULL, NULL, 0, '2021-12-19 16:33:15', '2022-02-17 05:21:09');
INSERT INTO `chairstocks` VALUES ('16d85cd7-64f3-4030-9171-386819082a40', 'Okamura ', 'Lives Work Chair (High Back Swivel -Leather)', 'N/A', '', '', 'Fabric', 'Fabric', 0, 0, '', 'http://blueoceanblue.com:4000/uploads/stocks/1640183430222-sku-395559.jpg', 15600, 0, 0, NULL, NULL, 0, '2021-12-19 16:33:15', '2021-12-22 14:30:30');
INSERT INTO `chairstocks` VALUES ('172ca256-391c-45c8-96ab-9eba3f423cf4', 'Duorest ', 'DR7500G', 'Black', 'Knit Grey', 'Knit Grey', 'Fabric', 'Fabric', 1, 1, '', 'http://blueoceanblue.com:4000/uploads/stocks/1640330084535-DR-7500G KNIT GREY.jpg', 3900, 0, 0, NULL, NULL, 0, '2021-12-19 16:33:15', '2021-12-24 07:14:44');
INSERT INTO `chairstocks` VALUES ('17438c8d-3c5f-4ca7-be63-ace6f7c55603', 'Okamura ', 'Contessa w/o headrests (Full Mesh Version)', 'POLISHED', '', '', 'Mesh', 'Mesh', 0, 1, '', 'http://blueoceanblue.com:4000/uploads/stocks/1640183505397-t02-f01-b01-s01-r03-h02-l01-a01-k01-FPG2_1.jpg', 10000, 0, 0, NULL, NULL, 0, '2021-12-19 16:33:15', '2021-12-22 14:32:44');
INSERT INTO `chairstocks` VALUES ('19138662-a479-411d-b08a-109131ca15c5', 'Nightingale', 'CXO 6200D', 'Dark Grey', 'Black', 'Pine BEE014', 'Mesh', 'Fabric', 1, 1, '', 'http://blueoceanblue.com:4000/uploads/stocks/1644383406149-螢幕擷取畫面 2022-02-09 130953.png', 9000, 0, 0, NULL, NULL, 0, '2021-12-19 16:33:15', '2022-02-09 05:10:06');
INSERT INTO `chairstocks` VALUES ('1a5009bb-8b3d-42ae-9fe6-2a5ec3a5b151', 'Wagner', 'Alumedic 10', 'Black', 'Black', 'Black', 'Mesh ', 'Fabric', 1, 1, '', 'http://blueoceanblue.com:4000/uploads/stocks/1640336220215-Alumedic 10 Black.jpg', 8200, 0, 0, NULL, NULL, 0, '2021-12-19 16:33:15', '2022-02-10 09:57:10');
INSERT INTO `chairstocks` VALUES ('1a727565-6ac0-4277-bd52-2bfa5cda5348', '** NO BRAND **', 'Uni Chair (without headrest)', 'BLACK', 'Pink Y-08', 'Pink Y-08', 'Mesh ', 'Mesh ', 0, 1, '', '', 2699, 0, 0, NULL, NULL, 0, '2021-12-19 16:33:15', '2021-12-28 04:45:11');
INSERT INTO `chairstocks` VALUES ('1a8d2580-ba13-4f92-83eb-e17ad404205b', 'Sidiz ', 'T50 Air', 'WHITE', 'Grey', 'Blue 2D4B', 'Mesh', 'Fabric', 1, 1, '', 'http://blueoceanblue.com:4000/uploads/stocks/1640181881200-T50 Air Blue.jpg', 3899, 1, 1, NULL, NULL, 0, '2021-12-19 16:33:15', '2022-01-07 11:05:07');
INSERT INTO `chairstocks` VALUES ('1add73ed-0bbb-4196-912f-9ccac48e4c61', 'Nightingale', 'CXO 6200D', 'Dark Grey', 'Silver', 'Plum BEE012', 'Mesh', 'Fabric', 1, 1, '', 'http://blueoceanblue.com:4000/uploads/stocks/1644384981309-螢幕擷取畫面 2022-02-09 133607.png', 9000, 0, 0, NULL, NULL, 0, '2021-12-19 16:33:15', '2022-02-09 05:36:21');
INSERT INTO `chairstocks` VALUES ('1b5826d6-0831-4a3c-8717-2d859ab94ae5', 'Okamura ', 'Slyphy w/o headrest (Mesh Back Upholstered Seat)', 'WHITE', '', '', 'Mesh', 'Fabric', 0, 1, '', 'http://blueoceanblue.com:4000/uploads/stocks/1640183653276-sku-29097.jpg', 7600, 0, 0, NULL, NULL, 0, '2021-12-19 16:33:15', '2021-12-22 14:34:13');
INSERT INTO `chairstocks` VALUES ('1cd3e541-12fe-421f-89d6-f7642c61d25b', '** NO BRAND **', 'MO Chair Basic Version ', 'BLACK', 'Orange Y-03 ', 'Orange Y-03 ', 'Mesh ', 'Mesh ', 1, 1, '', '', 3600, 0, 0, NULL, NULL, 0, '2021-12-19 16:33:15', '2021-12-28 04:48:31');
INSERT INTO `chairstocks` VALUES ('1d0bd051-1be6-405d-a75d-b8c5608b8ef9', '** NO BRAND **', 'Promax', 'Black', 'Black', 'Black', 'Mesh', 'Fabric', 1, 1, 'DEMO', '', 999, 0, 0, NULL, NULL, 1, '2022-01-31 03:58:58', '2022-01-31 04:59:12');
INSERT INTO `chairstocks` VALUES ('1d4cb3ad-004f-4c61-9b2b-6c6475eb7d5d', 'Duorest ', 'D2', 'Black', 'Ash Blue', 'Ash Blue', 'Fabric', 'Fabric', 1, 1, '', '', 4900, 0, 0, NULL, NULL, 0, '2021-12-19 16:33:15', '2021-12-24 07:13:31');
INSERT INTO `chairstocks` VALUES ('1d5898a4-c64a-44fb-be74-bce4b77cf729', '** NO BRAND **', 'MO Chair Basic Version ', 'WHITE', 'Grey Y-02', 'Grey Y-02', 'Mesh ', 'Mesh ', 1, 1, '', '', 3850, 0, 0, NULL, NULL, 0, '2021-12-19 16:33:15', '2021-12-28 04:48:56');
INSERT INTO `chairstocks` VALUES ('1d67a202-8487-42ea-8cb1-3951b2362255', 'Nightingale', 'IC2 Full Leather', 'BLACK', 'Steel #296', 'Steel #296', 'Leather', 'Leather', 0, 0, '', 'http://blueoceanblue.com:4000/uploads/stocks/1644490729358-螢幕擷取畫面 2022-02-10 185725.png', 9099, 0, 0, NULL, NULL, 0, '2021-12-19 16:33:15', '2022-02-10 10:58:49');
INSERT INTO `chairstocks` VALUES ('1d873060-d660-40e4-b930-98b373ac067a', 'Sidiz ', 'T25 (Flex Back)', 'BLACK', 'Black', 'Charcoal A441', 'Plastic', 'Fabric', 0, 0, '', '', 3400, 0, 0, NULL, NULL, 0, '2021-12-19 16:33:15', '2021-12-19 16:33:15');
INSERT INTO `chairstocks` VALUES ('1ddee145-a68a-48c2-8007-fd6d6ec6339f', 'Allseating ', 'You Too Mid Back', 'BIRCH (WHITE)', 'Zinc', 'Limestone', 'Mesh', 'Fabric', 0, 1, '', 'http://blueoceanblue.com:4000/uploads/stocks/1640331789709-ergonofis-chair-ash-zinc-limestone-none-youtoo-ergonomic-chair-29697284931735_900x.jpg', 6500, 0, 0, NULL, NULL, 0, '2021-12-19 16:33:15', '2021-12-24 07:43:09');
INSERT INTO `chairstocks` VALUES ('1eca206d-b5d1-4275-84c0-138f6c074204', '** NO BRAND **', 'Vision Chair', 'BLACK', 'Black Y-01', 'Black Y-01', 'Mesh ', 'Mesh ', 1, 1, '', 'http://blueoceanblue.com:4000/uploads/stocks/1645074945437-Vision Chair_BK_BK.png', 2999, 0, 0, NULL, NULL, 0, '2021-12-19 16:33:15', '2022-02-17 05:15:45');
INSERT INTO `chairstocks` VALUES ('1ece43a5-3da9-4541-85e3-ab479cdf3130', 'Duorest ', 'D2', 'Black', 'D2 Blue', 'D2 Blue', 'Fabric', 'Fabric', 1, 1, '', 'http://blueoceanblue.com:4000/uploads/stocks/1640333147809-D2 Blue BLK.jpg', 4900, 0, 0, NULL, NULL, 0, '2021-12-19 16:33:15', '2021-12-24 08:05:47');
INSERT INTO `chairstocks` VALUES ('1f03a2d4-c24e-4809-a5c7-bf87c349b387', 'Okamura ', 'Contessa with large headrest (Cushion Seat Version)', 'BLACK ', '', '', 'Mesh', 'Fabric', 1, 1, '', 'http://blueoceanblue.com:4000/uploads/stocks/1640183780483-t01-f03-b01-s01-r01-h02-l01-a01-k01-FPG1_1.jpg', 11500, 0, 0, NULL, NULL, 0, '2021-12-19 16:33:15', '2021-12-22 14:36:20');
INSERT INTO `chairstocks` VALUES ('1f8d2f88-b624-4109-8d35-49df2abcd504', 'Okamura ', 'Legender Extra High Back (open arms w/ stitching)', 'N/A', '', '', 'Leather', 'Leather', 1, 0, '', 'http://blueoceanblue.com:4000/uploads/stocks/1640183833797-sku-395019.jpg', 35400, 0, 0, NULL, NULL, 0, '2021-12-19 16:33:15', '2021-12-22 14:37:13');
INSERT INTO `chairstocks` VALUES ('1fb96ff4-3bfc-4ea9-9cbb-55cc43adcb44', 'Okamura ', 'Contessa w/o headrests (Full Mesh Version)', 'SILVER', '', '', 'Mesh', 'Mesh', 0, 1, '', 'http://blueoceanblue.com:4000/uploads/stocks/1640183554584-t02-f02-b01-s01-r03-h02-l01-a01-k01-FPG2_1.jpg', 10000, 0, 0, NULL, NULL, 0, '2021-12-19 16:33:15', '2021-12-22 14:32:34');
INSERT INTO `chairstocks` VALUES ('20f5cef8-6e9e-456c-972b-0a2a0c739d9d', '** NO BRAND **', 'Uni Chair (without headrest)', 'BLACK', 'Grey Y-02', 'Grey Y-02', 'Mesh ', 'Mesh ', 0, 1, '', '', 2699, 0, 0, NULL, NULL, 0, '2021-12-19 16:33:15', '2021-12-28 04:45:28');
INSERT INTO `chairstocks` VALUES ('21cf13fb-a368-4491-9571-ff176f1be026', 'Ergohuman', 'IOO', 'WHITE', 'Bright Red KMD-32', 'Bright Red KMD-32', 'Mesh ', 'Mesh ', 1, 1, '', 'http://blueoceanblue.com:4000/uploads/stocks/1644566834319-IOO KMD-32 WH.jpg', 5100, 0, 0, NULL, NULL, 0, '2021-12-19 16:33:15', '2022-02-11 08:07:14');
INSERT INTO `chairstocks` VALUES ('22179c47-2e7a-4d12-ac34-3c27a2cf1d54', 'Okamura ', 'Cynara Accent Color (Fixed Arms -Soft Hollow Casters)', 'N/A', '', '', 'Mesh', 'Mesh', 0, 0, '', 'http://blueoceanblue.com:4000/uploads/stocks/1640668978581-cynara_single_01.jpg', 6300, 0, 0, NULL, NULL, 0, '2021-12-19 16:33:15', '2021-12-28 05:22:58');
INSERT INTO `chairstocks` VALUES ('23403942-ea7f-4f90-9493-04b91b197c2d', '** NO BRAND **', 'Arthur Executive Chair (High Back Half Leather Version)', 'N/A', 'BROWN', 'BROWN', 'Leather', 'Leather', 1, 0, '', '', 3650, 0, 0, NULL, NULL, 0, '2021-12-19 16:33:15', '2021-12-28 04:49:48');
INSERT INTO `chairstocks` VALUES ('236cebeb-2742-47ac-b652-9283acb1d77a', 'Nightingale', 'NLC HB Full Leather version with flip up arms', 'BLACK', 'Black #176', 'Black #176', 'Leather', 'Leather', 1, 0, '', 'http://blueoceanblue.com:4000/uploads/stocks/1640339132709-NLC BLK.jpg', 10000, 0, 0, NULL, NULL, 0, '2021-12-19 16:33:15', '2021-12-24 09:45:32');
INSERT INTO `chairstocks` VALUES ('256db8f5-648e-48be-9b80-6e0cd63382cc', 'Sidiz ', 'T25 (Flex Back)', 'WHITE', 'Grey', 'Navy A444A', 'Plastic', 'PU', 0, 0, '', '', 3400, 0, 0, NULL, NULL, 0, '2021-12-19 16:33:15', '2021-12-19 16:33:15');
INSERT INTO `chairstocks` VALUES ('259d4a74-d2c4-4af7-b7e9-1593f5197f75', 'Ergohuman', 'Plus Deluxe', 'GREY', 'Bright Orange KMD-33', 'Bright Orange KMD-33', 'Mesh ', 'Mesh ', 1, 1, '', '', 6200, 0, 0, NULL, NULL, 0, '2021-12-19 16:33:15', '2021-12-24 08:51:45');
INSERT INTO `chairstocks` VALUES ('26c54fe6-55ae-4c66-9951-2ad6b02feff3', 'Duorest ', 'A50H', 'Black', 'Beige', 'Beige', 'Fabric', 'Fabric', 1, 1, '', 'http://blueoceanblue.com:4000/uploads/stocks/1640334033112-A50-BG.png', 5100, 0, 0, NULL, NULL, 0, '2021-12-19 16:33:15', '2021-12-24 08:20:33');
INSERT INTO `chairstocks` VALUES ('26ee0166-9a9a-49c0-bd24-ef4558cbf790', 'Nightingale', 'IC2 UFST', 'BLACK', 'BLACK', 'Birch 2243', 'Mesh', 'Fabric', 1, 1, '', 'http://blueoceanblue.com:4000/uploads/stocks/1644483833087-螢幕擷取畫面 2022-02-10 170327.png', 8099, 0, 0, NULL, NULL, 0, '2021-12-19 16:33:15', '2022-02-10 09:03:53');
INSERT INTO `chairstocks` VALUES ('281c99fc-1144-4eb9-88b8-bcf6ec56f14e', '** NO BRAND **', 'MO Chair Regular Version ', 'WHITE', 'Green H-05', 'Green H-05', 'Mesh ', 'Mesh ', 1, 1, '', 'http://blueoceanblue.com:4000/uploads/stocks/1645072866532-螢幕擷取畫面 2022-02-17 123909.png', 4499, 0, 0, NULL, NULL, 0, '2021-12-19 16:33:15', '2022-02-17 04:41:06');
INSERT INTO `chairstocks` VALUES ('2845dc95-b2df-4b69-b631-7347f78e2671', 'Okamura ', 'Lives Work Chair (Low Back Wooden Base -Leather)', 'N/A', '', '', 'Fabric', 'Fabric', 0, 0, '', 'http://blueoceanblue.com:4000/uploads/stocks/1640341351272-sku-395683.jpg', 15200, 0, 0, NULL, NULL, 0, '2021-12-19 16:33:15', '2021-12-24 10:22:31');
INSERT INTO `chairstocks` VALUES ('28c4c4f4-2697-4c02-910d-376f9f94abb7', '** NO BRAND **', 'Arthur Executive Chair (High Back Half Leather Version)', 'N/A', 'BEIGE', 'BEIGE', 'Leather', 'Leather', 1, 0, '', '', 3650, 0, 0, NULL, NULL, 0, '2021-12-19 16:33:15', '2021-12-28 04:50:18');
INSERT INTO `chairstocks` VALUES ('2c110e44-e7e4-4190-a813-c91c354bdcf6', '** NO BRAND **', 'Brad Office Chair with headrest', 'BLACK', '', '', 'Mesh ', 'Fabric', 1, 1, '', '', 3000, 0, 0, NULL, NULL, 0, '2021-12-19 16:33:15', '2021-12-28 04:50:53');
INSERT INTO `chairstocks` VALUES ('2d894bef-e792-4202-af75-a43823a7a8f3', '** NO BRAND **', 'Uni Chair (without headrest)', 'WHITE', 'Grey Y-02', 'Grey Y-02', 'Mesh ', 'Mesh ', 0, 1, '', 'http://blueoceanblue.com:4000/uploads/stocks/1640666563043-Uni_web.jpg', 2949, 0, 0, NULL, NULL, 0, '2021-12-19 16:33:15', '2021-12-28 04:42:43');
INSERT INTO `chairstocks` VALUES ('2de53ef3-f84e-4c3f-9d14-155f8edd935d', '** NO BRAND **', 'MO Chair Basic Version ', 'WHITE', 'Black Y-01', 'Black Y-01', 'Mesh ', 'Mesh ', 1, 1, '', '', 3850, 0, 0, NULL, NULL, 0, '2021-12-19 16:33:15', '2021-12-28 04:49:00');
INSERT INTO `chairstocks` VALUES ('2e5ebba3-c3bf-47bc-9c94-e34bd5d6364a', 'Wagner', 'Titan 20', 'WHITE', 'Purple ', 'Purple ', 'Fabric', 'Fabric', 1, 1, '', 'http://blueoceanblue.com:4000/uploads/stocks/1640337019632-Titan 20 Purple.jpg', 10699, 0, 0, NULL, NULL, 0, '2021-12-19 16:33:15', '2021-12-24 09:10:19');
INSERT INTO `chairstocks` VALUES ('2f9bc149-7bcc-44bb-8396-e43159eb1b5a', 'Okamura ', 'Cynara Regular Color (Fixed Arms -Soft Hollow Casters)', 'N/A', '', '', 'Mesh', 'Mesh', 0, 0, '', 'http://blueoceanblue.com:4000/uploads/stocks/1640183197885-sku-667697.jpg', 5500, 0, 0, NULL, NULL, 0, '2021-12-19 16:33:15', '2021-12-22 14:26:38');
INSERT INTO `chairstocks` VALUES ('301d7811-b015-4ea2-a26d-98db4750c2f9', 'Nightingale', 'CXO L6200D Full Leather', 'Dark Grey', 'Ginger #375', 'Ginger #375', 'Leather', 'Leather', 1, 1, '', 'http://blueoceanblue.com:4000/uploads/stocks/1644489265995-螢幕擷取畫面 2022-02-10 183413.png', 11500, 0, 0, NULL, NULL, 0, '2021-12-19 16:33:15', '2022-02-10 10:34:26');
INSERT INTO `chairstocks` VALUES ('3108a6d7-85b7-4b58-8f2f-789daf5db54e', 'Wagner', 'Alumedic Ltd', 'Black', 'Black', 'Black', 'Mesh ', 'Leather', 1, 1, '', 'http://blueoceanblue.com:4000/uploads/stocks/1640337057727-alumedic ltd black.jpg', 10399, 0, 0, NULL, NULL, 0, '2021-12-19 16:33:15', '2022-02-16 07:37:58');
INSERT INTO `chairstocks` VALUES ('310a2e92-11ae-4dbb-93b4-51d13dbdb954', 'Nightingale', 'CXO 6200D', 'Dark Grey', 'Silver', 'Currant BEE13', 'Mesh', 'Fabric', 1, 1, '', 'http://blueoceanblue.com:4000/uploads/stocks/1644386906759-螢幕擷取畫面 2022-02-09 140815.png', 9000, 0, 0, NULL, NULL, 0, '2021-12-19 16:33:15', '2022-02-09 06:08:26');
INSERT INTO `chairstocks` VALUES ('3135e1c9-a395-407d-ae5a-6cd682527b98', '** NO BRAND **', 'Uni Chair (without headrest)', 'WHITE', 'Green Y-05', 'Green Y-05', 'Mesh ', 'Mesh ', 0, 1, '', '', 2949, 0, 0, NULL, NULL, 0, '2021-12-19 16:33:15', '2021-12-28 04:45:50');
INSERT INTO `chairstocks` VALUES ('325a477a-1cbc-431e-a943-bc2cb754e81b', '** NO BRAND **', 'MO Chair Basic Version ', 'WHITE', 'Green Y-05', 'Green Y-05', 'Mesh ', 'Mesh ', 1, 1, '', '', 3850, 0, 0, NULL, NULL, 0, '2021-12-19 16:33:15', '2021-12-28 04:49:06');
INSERT INTO `chairstocks` VALUES ('325d8278-b0a9-4ae4-b323-0cd65974c32b', 'Okamura ', 'Slyphy with headrest (Fully Upholstered Version)', 'BLACK ', '', '', 'Fabric', 'Fabric', 1, 1, '', 'http://blueoceanblue.com:4000/uploads/stocks/1640341429164-t02-b01-s02-h02-l02-a01-k01-m02-FXW2_1.jpg', 8500, 0, 0, NULL, NULL, 0, '2021-12-19 16:33:15', '2021-12-24 10:23:49');
INSERT INTO `chairstocks` VALUES ('3314f539-f7a2-4cbd-b138-914510ebb490', 'Wagner', 'Titan 20', 'WHITE', 'Blue', 'Blue', 'Fabric', 'Fabric', 1, 1, '', 'http://blueoceanblue.com:4000/uploads/stocks/1640336089778-Titan 20 Blue.jpg', 10699, 0, 0, NULL, NULL, 0, '2021-12-19 16:33:15', '2021-12-24 08:54:49');
INSERT INTO `chairstocks` VALUES ('346cac99-b2ab-4e78-86f2-6dd31fe621f0', 'Sidiz ', 'T25', 'WHITE', 'Grey', 'Beige A445L', 'Mesh', 'Fabric', 0, 0, '', 'http://blueoceanblue.com:4000/uploads/stocks/1640182118306-T25 Mesh Back WH Frame A445L.png', 3400, 0, 0, NULL, NULL, 0, '2021-12-19 16:33:15', '2022-01-28 07:16:49');
INSERT INTO `chairstocks` VALUES ('34a844d3-9b28-495b-bb0c-d97b6b26273b', 'Okamura ', 'Contessa with large headrest (Cushion Seat Version)', 'SILVER', '', '', 'Mesh', 'Fabric', 1, 1, '', 'http://blueoceanblue.com:4000/uploads/stocks/1640183755641-t01-f02-b01-s01-r01-h02-l01-a01-k01-FPG1_1.jpg', 11500, 0, 0, NULL, NULL, 0, '2021-12-19 16:33:15', '2021-12-22 14:35:55');
INSERT INTO `chairstocks` VALUES ('34b4c779-6ff9-4cbf-b132-e580c8e56ca3', 'Duorest ', 'DR7500G', 'Black', 'Knit Blue', 'Knit Blue', 'Fabric', 'Fabric', 1, 1, '', 'http://blueoceanblue.com:4000/uploads/stocks/1640330109161-Duorest DR7500G Knit Blue.png', 3900, 1, 1, NULL, NULL, 0, '2021-12-19 16:33:15', '2022-02-04 11:07:51');
INSERT INTO `chairstocks` VALUES ('355b83db-3970-4787-9e54-39920367f5fc', 'Ergohuman', 'Plus Deluxe', 'BLACK', 'Bright Green KMD-34', 'Bright Green KMD-34', 'Mesh ', 'Mesh ', 1, 1, '', 'http://blueoceanblue.com:4000/uploads/stocks/1644556612476-KMD-34.jpg', 6200, 0, 0, NULL, NULL, 0, '2021-12-19 16:33:15', '2022-02-11 05:16:52');
INSERT INTO `chairstocks` VALUES ('35a066dd-1cc8-4397-82d2-e0cd7a2c37bc', '** NO BRAND **', 'Uni Chair (without headrest)', 'BLACK', 'Blue Y-04', 'Blue Y-04', 'Mesh ', 'Mesh ', 0, 1, '', '', 2699, 0, 0, NULL, NULL, 0, '2021-12-19 16:33:15', '2021-12-28 04:45:31');
INSERT INTO `chairstocks` VALUES ('365a117d-e4a2-4c31-8602-b6dd795186ba', 'Nightingale', 'IC2 UFST', 'BLACK', 'BLACK', 'Onyx 2199', 'Mesh', 'Fabric', 1, 1, '', 'http://blueoceanblue.com:4000/uploads/stocks/1644483647445-螢幕擷取畫面 2022-02-10 170036.png', 8099, 0, 0, NULL, NULL, 0, '2021-12-19 16:33:15', '2022-02-10 09:00:47');
INSERT INTO `chairstocks` VALUES ('37180ad5-fd72-41a8-a282-a6f621db847b', 'Okamura ', 'Lives Work Chair (Low Back Swivel -Interlock Fabric)', 'N/A', '', '', 'Fabric', 'Fabric', 0, 0, '', 'http://blueoceanblue.com:4000/uploads/stocks/1640341492775-sku-395610.jpg', 6000, 0, 0, NULL, NULL, 0, '2021-12-19 16:33:15', '2021-12-24 10:24:52');
INSERT INTO `chairstocks` VALUES ('3720b1bb-7dbc-451e-9480-f29541c82c87', 'Wagner', 'Alumedic 10', 'Black', 'Red', 'Red', 'Mesh ', 'Fabric', 1, 1, '', 'http://blueoceanblue.com:4000/uploads/stocks/1640336228935-Alumedic 10 Red.jpg', 8200, 0, 0, NULL, NULL, 0, '2021-12-19 16:33:15', '2021-12-24 08:57:09');
INSERT INTO `chairstocks` VALUES ('38ac38ee-abd0-4875-b3ae-2348a2d01da6', 'Wagner', 'Titan Ltd S', 'Black', 'Red ', 'Red ', 'Leather', 'Leather', 1, 1, '', 'http://blueoceanblue.com:4000/uploads/stocks/1640337106644-Titan Ltd S Red.jpg', 16999, 0, 0, NULL, NULL, 0, '2021-12-19 16:33:15', '2021-12-24 09:11:46');
INSERT INTO `chairstocks` VALUES ('38e4e804-9ab8-43ba-bdd7-0d6d5cd8bad2', 'Nightingale', 'CXO 6200D', 'Dark Grey', 'Black', 'Slate BEE10', 'Mesh', 'Fabric', 1, 1, '', 'http://blueoceanblue.com:4000/uploads/stocks/1644383482551-螢幕擷取畫面 2022-02-09 131105.png', 9000, 0, 0, NULL, NULL, 0, '2021-12-19 16:33:15', '2022-02-09 05:11:22');
INSERT INTO `chairstocks` VALUES ('39801c07-8576-485c-805c-237c16df735f', 'Sidiz ', 'T50', 'BLACK', 'Black', 'Green 457M', 'Mesh', 'Fabric', 1, 1, '', 'http://blueoceanblue.com:4000/uploads/stocks/1640337810215-F1501201501095WBXOADWCWYM.png', 4300, 0, 0, NULL, NULL, 0, '2021-12-19 16:33:15', '2021-12-24 09:23:30');
INSERT INTO `chairstocks` VALUES ('3aff4a67-6639-40bc-af45-7d8685aa4951', 'Nightingale', 'CXO 6200D', 'Dark Grey', 'Black', 'Black BEE09', 'Mesh', 'Fabric', 1, 1, '', 'http://blueoceanblue.com:4000/uploads/stocks/1644383520061-螢幕擷取畫面 2022-02-09 131148.png', 9000, 0, 0, NULL, NULL, 0, '2021-12-19 16:33:15', '2022-02-09 05:12:00');
INSERT INTO `chairstocks` VALUES ('3b93b9ad-62a7-40e9-b243-075d16d0b358', 'Okamura ', 'Contessa with small headrest (Cushion Seat Version)', 'BLACK ', '', '', 'Mesh', 'Fabric', 1, 1, '', 'http://blueoceanblue.com:4000/uploads/stocks/1642498031982-t01-f03-b01-s02-r02-h02-l01-a01-k01-FPC2_1.jpg', 11200, 0, 0, NULL, NULL, 0, '2021-12-19 16:33:15', '2022-01-18 09:27:12');
INSERT INTO `chairstocks` VALUES ('3ba7a4ff-f098-4637-8a17-feb9b8e2fb1d', 'Nightingale', 'CXO 6200D', 'Dark Grey', 'Black', 'Plum BEE012', 'Mesh', 'Fabric', 1, 1, '', 'http://blueoceanblue.com:4000/uploads/stocks/1644383566141-螢幕擷取畫面 2022-02-09 131234.png', 9000, 0, 0, NULL, NULL, 0, '2021-12-19 16:33:15', '2022-02-09 05:12:46');
INSERT INTO `chairstocks` VALUES ('3cb4954f-5f64-4eb0-b423-a5ffa4acf579', 'Ergohuman', 'Plus Deluxe', 'GREY', 'White KMD-36', 'White KMD-36', 'Mesh ', 'Mesh ', 1, 1, '', '', 6200, 0, 0, NULL, NULL, 0, '2021-12-19 16:33:15', '2021-12-24 08:51:50');
INSERT INTO `chairstocks` VALUES ('3d6bf909-0356-414b-858f-508503388576', 'Duorest ', 'DR290', 'Black', 'Black', 'Black', 'PU', 'PU', 0, 1, '', 'http://blueoceanblue.com:4000/uploads/stocks/1640334416154-dr-290_l2.jpg', 3500, 2, 2, NULL, NULL, 0, '2021-12-19 16:33:15', '2022-01-21 05:47:43');
INSERT INTO `chairstocks` VALUES ('3d85c9e7-20c8-4aa6-85b1-8224fbc27c9a', 'Nightingale', 'CXO6200D Heavy Duty', 'Dark Grey', 'Black', 'Pine BEE014', 'Mesh', 'Fabric', 1, 1, '', 'http://blueoceanblue.com:4000/uploads/stocks/1644400744446-Nightingale_CXO6200HD_Blackbackcolor_BEE14.png', 11500, 0, 0, NULL, NULL, 0, '2021-12-19 16:33:15', '2022-02-09 09:59:04');
INSERT INTO `chairstocks` VALUES ('3dc70035-f998-4af5-a1fa-d9f6bdae1694', 'Nightingale', 'CXO6200D Heavy Duty', 'Dark Grey', 'Black', 'Pear BEE05', 'Mesh', 'Fabric', 1, 1, '', 'http://blueoceanblue.com:4000/uploads/stocks/1644400792582-a.png', 11500, 0, 0, NULL, NULL, 0, '2021-12-19 16:33:15', '2022-02-09 09:59:52');
INSERT INTO `chairstocks` VALUES ('3e2f0679-7b85-49c3-820d-28f2ede76a98', '** NO BRAND **', 'Y Chair HB Version (Korea Mesh)', 'BLACK', '', '', 'Mesh ', 'Mesh ', 0, 1, '', '', 2850, 0, 0, NULL, NULL, 0, '2021-12-19 16:33:15', '2021-12-28 04:51:19');
INSERT INTO `chairstocks` VALUES ('3f7bdc85-aa1e-4890-8fb2-e66d3d614274', 'Nightingale', 'NLC HB Full Leather version with flip up arms', 'BLACK', 'Mediterranean #455', 'Mediterranean #455', 'Leather', 'Leather', 1, 0, '', 'http://blueoceanblue.com:4000/uploads/stocks/1644488512746-Nightingale_NLC HB Full Leather version with flip up arms_mediterranean.png', 10000, 0, 0, NULL, NULL, 0, '2021-12-19 16:33:15', '2022-02-10 10:21:52');
INSERT INTO `chairstocks` VALUES ('3f87b9c9-1721-4a91-89c4-54a1bd4e8775', 'Wagner', 'Titan 20', 'WHITE', 'Brown ', 'Brown ', 'Fabric', 'Fabric', 1, 1, '', 'http://blueoceanblue.com:4000/uploads/stocks/1640336099907-Titan 20 Brown.jpg', 10699, 0, 0, NULL, NULL, 0, '2021-12-19 16:33:15', '2021-12-24 08:55:47');
INSERT INTO `chairstocks` VALUES ('3f8ebab2-1b29-4836-8d92-3530c8153f75', 'Duorest ', 'D2', 'WHITE', 'Ash Blue', 'Ash Blue', 'Fabric', 'Fabric', 1, 1, '', '', 4900, 1, 1, NULL, NULL, 0, '2021-12-19 16:33:15', '2022-02-17 07:11:01');
INSERT INTO `chairstocks` VALUES ('3fa9bd31-47d8-492b-898f-fdc5037310e9', 'Sidiz ', 'T50 Air', 'BLACK', 'Black', 'Blue 2D4B', 'Mesh', 'Fabric', 0, 0, '', '', 3899, 0, 0, NULL, NULL, 0, '2021-12-19 16:33:15', '2021-12-19 16:33:15');
INSERT INTO `chairstocks` VALUES ('3fc3530d-ee3c-404a-9b5b-d7d6782207bf', 'Duorest ', 'D2', 'WHITE', 'Ash Grey', 'Ash Grey', 'Fabric', 'Fabric', 1, 1, '', 'http://blueoceanblue.com:4000/uploads/stocks/1640330465994-D2 ASH GREY.jpg', 4900, 0, 0, NULL, NULL, 0, '2021-12-19 16:33:15', '2021-12-24 07:21:06');
INSERT INTO `chairstocks` VALUES ('3fd4b708-62c8-483f-8f35-913f55a177bd', 'Nightingale', 'CXO 6200D UFST', 'Dark Grey', 'Silver', 'Bone #450', 'Mesh', 'Leather', 1, 1, '', 'http://blueoceanblue.com:4000/uploads/stocks/1645003838146-Nightingale_CXO 6200D UFST_450.png', 10900, 0, 0, NULL, NULL, 0, '2021-12-19 16:33:15', '2022-02-16 09:30:38');
INSERT INTO `chairstocks` VALUES ('3fd92e63-1e6e-4fac-90e6-64af58b6c50b', 'Wagner', 'W3 Stool', 'Black', 'N/A', 'Black', 'N/A', 'Fabric', 0, 0, 'Black Bottom', 'http://blueoceanblue.com:4000/uploads/stocks/1640336989204-wgn_produkt_w3-4_0.png', 4099, 2, 2, NULL, NULL, 0, '2021-12-19 16:33:15', '2022-01-14 04:41:52');
INSERT INTO `chairstocks` VALUES ('40bc07ed-638c-4104-8588-cf1f36114433', 'Duorest ', 'D2', 'WHITE', 'D2 Grey', 'D2 Grey', 'Fabric', 'Fabric', 1, 1, '', 'http://blueoceanblue.com:4000/uploads/stocks/1640332784387-D2 grey.jpg', 4900, 0, 0, NULL, NULL, 0, '2021-12-19 16:33:15', '2021-12-24 07:59:44');
INSERT INTO `chairstocks` VALUES ('40e031d4-0ad9-441f-896f-c713a85cdcfb', 'Topstar', 'Sitness Junior 15', 'BLACK', '', '', 'Fabric', 'Fabric', 0, 0, '', 'http://blueoceanblue.com:4000/uploads/stocks/1640337264459-Sitness-Junior-15.jpg', 2610, 0, 0, NULL, NULL, 0, '2021-12-19 16:33:15', '2021-12-24 09:14:24');
INSERT INTO `chairstocks` VALUES ('41413f5a-a464-4286-b432-15b6d5a1cfd9', 'Sidiz ', 'T50', 'WHITE', 'Grey', 'Blue 454B', 'Mesh', 'Fabric', 1, 1, '', 'http://blueoceanblue.com:4000/uploads/stocks/1640337916198-F1501204290462THSZTZJUNTW.png', 4300, 0, 0, NULL, NULL, 0, '2021-12-19 16:33:15', '2021-12-24 09:25:16');
INSERT INTO `chairstocks` VALUES ('43d2bae3-3c29-4dad-a219-471c940a19c9', 'Sidiz ', 'T25', 'BLACK', 'Black', 'Brown 459L', 'Mesh', 'Fabric', 0, 0, '', '', 3400, 0, 0, NULL, NULL, 0, '2021-12-19 16:33:15', '2021-12-19 16:33:15');
INSERT INTO `chairstocks` VALUES ('4484901a-c33e-4344-90a1-91539db627dd', 'Ergohuman', 'IOO', 'BLACK', 'Bright Green KMD-34', 'Bright Green KMD-34', 'Mesh ', 'Mesh ', 1, 1, '', 'http://blueoceanblue.com:4000/uploads/stocks/1644567417932-IOO KMD-34.jpg', 5100, 0, 0, NULL, NULL, 0, '2021-12-19 16:33:15', '2022-02-11 08:16:58');
INSERT INTO `chairstocks` VALUES ('4902d85b-7f2c-4d6d-9797-1dd87b128dee', 'Duorest ', 'D2', 'WHITE', 'D2 Blue', 'D2 Blue', 'Fabric', 'Fabric', 1, 1, '', 'http://blueoceanblue.com:4000/uploads/stocks/1640332696869-D2 Blue.jpg', 4900, 0, 0, NULL, NULL, 0, '2021-12-19 16:33:15', '2021-12-24 07:58:17');
INSERT INTO `chairstocks` VALUES ('49189106-90aa-4a31-97dd-c17c590cc634', '** NO BRAND **', 'MO Chair Basic Version ', 'WHITE', 'Pink Y-08', 'Pink Y-08', 'Mesh ', 'Mesh ', 1, 1, '', '', 3850, 0, 0, NULL, NULL, 0, '2021-12-19 16:33:15', '2021-12-28 04:49:11');
INSERT INTO `chairstocks` VALUES ('49761f7a-218a-48a7-8d3a-66b460109555', 'Duorest ', 'D2', 'Black', 'D2 Grey', 'D2 Grey', 'Fabric', 'Fabric', 1, 1, '', 'http://blueoceanblue.com:4000/uploads/stocks/1640333188308-D2 grey BLK.jpg', 4900, 0, 0, NULL, NULL, 0, '2021-12-19 16:33:15', '2021-12-24 08:06:28');
INSERT INTO `chairstocks` VALUES ('4ad6bda1-73b6-482a-bdf8-aa86e4bbdcff', '** NO BRAND **', 'Eames Mid Back Chair (Half Leather version)', 'N/A', '', '', 'PU', 'Leather', 0, 0, '', '', 1999, 0, 0, NULL, NULL, 0, '2021-12-19 16:33:15', '2021-12-19 16:33:15');
INSERT INTO `chairstocks` VALUES ('4b184297-0704-42f6-ac12-9f9e3c0ec6b1', '** NO BRAND **', 'Arthur Executive Chair (High Back Full Leather Version)', 'N/A', 'BEIGE', 'BEIGE', 'Leather', 'Leather', 1, 0, '', '', 5550, 0, 0, NULL, NULL, 0, '2021-12-19 16:33:15', '2021-12-28 04:55:07');
INSERT INTO `chairstocks` VALUES ('4b96d751-7752-42f6-a9dd-4512458cbd19', '** NO BRAND **', 'MO Chair Basic Version ', 'BLACK', 'Black Y-01', 'Black Y-01', 'Mesh ', 'Mesh ', 1, 1, '', '', 3600, 0, 0, NULL, NULL, 0, '2021-12-19 16:33:15', '2021-12-28 04:48:35');
INSERT INTO `chairstocks` VALUES ('4c0287b5-599d-4bff-9aa1-290e462c8d54', 'Okamura ', 'Finora w/o headrest', 'WHITE', '', '', 'Mesh', 'Mesh', 0, 1, '', 'http://blueoceanblue.com:4000/uploads/stocks/1640341682620-t02-s01-p03-k03-b02-h02-l01-a01-F1E2_1.jpg', 7700, 0, 0, NULL, NULL, 0, '2021-12-19 16:33:15', '2021-12-24 10:28:02');
INSERT INTO `chairstocks` VALUES ('4ccc9188-1562-4d0e-b35c-7f34c76c556a', 'Duorest ', 'Rabbit with Footrest and Dualinder', 'WHITE', 'Caramel Brown', 'Caramel Brown', 'PU', 'PU', 0, 0, '', 'http://blueoceanblue.com:4000/uploads/stocks/1640333448108-RA-070LF-1@2x.jpg', 3600, 0, 0, NULL, NULL, 0, '2021-12-19 16:33:15', '2021-12-24 08:10:48');
INSERT INTO `chairstocks` VALUES ('4da840e5-982e-431c-825b-d5dfd2784081', 'Nightingale', 'IC2 Full Leather', 'BLACK', 'Burgundy #475', 'Burgundy #475', 'Leather', 'Leather', 0, 0, '', 'http://blueoceanblue.com:4000/uploads/stocks/1644988836546-Nightingale_IC2 full leather_475.png', 9099, 0, 0, NULL, NULL, 0, '2021-12-19 16:33:15', '2022-02-16 05:20:36');
INSERT INTO `chairstocks` VALUES ('4dbd26fd-2499-4304-909d-85a32a48423b', 'Ergohuman', 'Plus Deluxe', 'GREY', 'Bright Blue KMD-35', 'Bright Blue KMD-35', 'Mesh ', 'Mesh ', 1, 1, '', '', 6200, 0, 0, NULL, NULL, 0, '2021-12-19 16:33:15', '2021-12-24 08:51:55');
INSERT INTO `chairstocks` VALUES ('4df35d8e-a6a7-404e-a2ef-06c85aba89e0', 'Duorest ', 'A80H', 'Black', 'Beige', 'Beige', 'Fabric', 'Mesh', 1, 1, '', 'http://blueoceanblue.com:4000/uploads/stocks/1640334286938-A80 Beige.jpg', 5500, 0, 0, NULL, NULL, 0, '2021-12-19 16:33:15', '2021-12-24 08:24:47');
INSERT INTO `chairstocks` VALUES ('4e05fff4-368c-4059-b179-7d8f0cc5d61f', 'Wagner', 'Titan Ltd S', 'Black', 'Red ', 'Brown ', 'Leather', 'Leather', 1, 1, '', 'http://blueoceanblue.com:4000/uploads/stocks/1640337118414-Titan Ltd S Brown leather.jpg', 16999, 0, 0, NULL, NULL, 0, '2021-12-19 16:33:15', '2021-12-24 09:11:58');
INSERT INTO `chairstocks` VALUES ('4e5a0da1-00ea-44cc-9a00-c5fa38c8abfe', 'Topstar', 'OpenArt Junior', 'BLACK', '', '', 'Mesh ', 'PU', 0, 0, '', 'http://blueoceanblue.com:4000/uploads/stocks/1640337290804-open-art-junior-1.jpg', 2340, 0, 0, NULL, NULL, 0, '2021-12-19 16:33:15', '2021-12-24 09:14:50');
INSERT INTO `chairstocks` VALUES ('4eb22e0e-a9d0-4cb6-9caa-0571eb947035', 'Wagner', 'W3 Stool', 'Black', 'N/A', 'Black', 'N/A', 'Fabric', 0, 0, 'White Bottom', 'http://blueoceanblue.com:4000/uploads/stocks/1640337000408-Wagner_W3-3D-Hocker_900x900-ID1907601-e6a1e0e2a7c519903744e6ab04d870ee.jpg', 4099, 1, 1, NULL, NULL, 0, '2021-12-19 16:33:15', '2022-01-11 04:20:07');
INSERT INTO `chairstocks` VALUES ('4efc07ea-7a4c-48aa-9b90-8b6d928501eb', 'Sidiz ', 'T25 (Flex Back)', 'WHITE', 'Grey', 'Burnt Orange 458L', 'Plastic', 'Fabric', 0, 0, '', '', 3400, 0, 0, NULL, NULL, 0, '2021-12-19 16:33:15', '2021-12-19 16:33:15');
INSERT INTO `chairstocks` VALUES ('4f4c537f-8448-45b8-917a-3d4d522678d0', 'Nightingale', 'CXO 6200D UFST', 'Dark Grey', 'Silver', 'Cobblestone #440', 'Mesh', 'Leather', 1, 1, '', 'http://blueoceanblue.com:4000/uploads/stocks/1645003845263-Nightingale_CXO 6200D UFST_440.png', 10900, 0, 0, NULL, NULL, 0, '2021-12-19 16:33:15', '2022-02-16 09:30:45');
INSERT INTO `chairstocks` VALUES ('4fa6a13e-ddbe-4a7e-b2e3-984aa79a43b1', '** NO BRAND **', 'MO Chair Basic Version ', 'BLACK', 'Grey Y-02', 'Grey Y-02', 'Mesh ', 'Mesh ', 1, 1, '', '', 3600, 0, 0, NULL, NULL, 0, '2021-12-19 16:33:15', '2021-12-28 04:48:39');
INSERT INTO `chairstocks` VALUES ('50657f84-fc44-4d0a-a217-dfce33d8d366', '** NO BRAND **', 'Uni Chair (without headrest)', 'WHITE', 'Orange Y-03 ', 'Orange Y-03 ', 'Mesh ', 'Mesh ', 0, 1, '', '', 2949, 0, 0, NULL, NULL, 0, '2021-12-19 16:33:15', '2021-12-28 04:45:53');
INSERT INTO `chairstocks` VALUES ('50900f2e-0c82-44b1-8dd0-f9e282072748', 'Sidiz ', 'T50', 'BLACK', 'Black', 'Orange 458A', 'Mesh', 'Fabric', 0, 0, '', '', 4300, 0, 0, NULL, NULL, 0, '2021-12-19 16:33:15', '2021-12-19 16:33:15');
INSERT INTO `chairstocks` VALUES ('509c2a52-44da-424f-9891-a01bd4d46c06', 'Okamura ', 'Contessa with large headrest (Full Mesh Version)', 'POLISHED', '', '', 'Mesh', 'Mesh', 1, 1, '', 'http://blueoceanblue.com:4000/uploads/stocks/1640341931682-t01-f01-b01-s01-r01-h02-l01-a01-k01-FPG2_1.jpg', 11500, 0, 0, NULL, NULL, 0, '2021-12-19 16:33:15', '2021-12-24 10:32:11');
INSERT INTO `chairstocks` VALUES ('50b94c58-6795-42ac-aa16-65585ff6ed21', 'Nightingale', 'IC2 UFST', 'BLACK', 'BLACK', 'Graphite 2197', 'Mesh', 'Fabric', 1, 1, '', 'http://blueoceanblue.com:4000/uploads/stocks/1644483676038-螢幕擷取畫面 2022-02-10 170106.png', 8099, 0, 0, NULL, NULL, 0, '2021-12-19 16:33:15', '2022-02-10 09:01:16');
INSERT INTO `chairstocks` VALUES ('51170ad3-c991-47f5-a40b-6448016c946d', 'Sidiz ', 'T25 (Flex Back)', 'WHITE', 'Grey', 'Beige A445L', 'Plastic', 'Fabric', 0, 0, '', '', 3400, 0, 0, NULL, NULL, 0, '2021-12-19 16:33:15', '2021-12-19 16:33:15');
INSERT INTO `chairstocks` VALUES ('51acf48e-cb2c-4e34-a7b1-46735932e053', 'Nightingale', 'CXO 6200D UFST', 'Dark Grey', 'Silver', 'Burgundy #475', 'Mesh', 'Leather', 1, 1, '', 'http://blueoceanblue.com:4000/uploads/stocks/1645004098010-Nightingale_CXO 6200D UFST_475.png', 10900, 0, 0, NULL, NULL, 0, '2021-12-19 16:33:15', '2022-02-16 09:34:58');
INSERT INTO `chairstocks` VALUES ('522ce6f3-c846-45c5-ab3a-27cc9a2daf36', 'Sidiz ', 'T50', 'BLACK', 'Black', 'L096N Black Leather', 'Mesh', 'Leather', 1, 1, '', 'http://blueoceanblue.com:4000/uploads/stocks/1640338317322-T50-Leather.jpg', 5000, 0, 0, NULL, NULL, 0, '2021-12-19 16:33:15', '2021-12-24 09:31:57');
INSERT INTO `chairstocks` VALUES ('530aaba4-6cf4-4aca-9bcd-12018a1a05c4', 'Ergohuman', 'IOO', 'WHITE', 'Bright Orange KMD-33', 'Bright Orange KMD-33', 'Mesh ', 'Mesh ', 1, 1, '', 'http://blueoceanblue.com:4000/uploads/stocks/1644566717332-IOO KMD-33 WH.jpg', 5100, 0, 0, NULL, NULL, 0, '2021-12-19 16:33:15', '2022-02-11 08:05:17');
INSERT INTO `chairstocks` VALUES ('53543959-fc2c-47fd-b44c-fa6ed19ac35c', 'Okamura ', 'Finora w/o headrest', 'POLISHED', '', '', 'Mesh', 'Fabric', 0, 1, '', 'http://blueoceanblue.com:4000/uploads/stocks/1640341745503-t02-s02-p01-k01-b02-h02-l01-a01-F1G0_2.jpg', 7700, 0, 0, NULL, NULL, 0, '2021-12-19 16:33:15', '2021-12-24 10:29:05');
INSERT INTO `chairstocks` VALUES ('535a2b4a-bf19-49ac-bf75-35d6f3d3cab4', 'Nightingale', 'CXO L6200D Full Leather', 'Dark Grey', 'Black #176', 'Black #176', 'Leather', 'Leather', 1, 1, '', 'http://blueoceanblue.com:4000/uploads/stocks/1644489297597-螢幕擷取畫面 2022-02-10 183444.png', 11500, 0, 0, NULL, NULL, 0, '2021-12-19 16:33:15', '2022-02-10 10:34:57');
INSERT INTO `chairstocks` VALUES ('54ec57ba-d8b2-4f91-828f-e948542311bd', 'Nightingale', 'CXO 6200D', 'Dark Grey', 'Silver', 'Carnelian BEE019', 'Mesh', 'Fabric', 1, 1, '', 'http://blueoceanblue.com:4000/uploads/stocks/1644385019793-螢幕擷取畫面 2022-02-09 133650.png', 9000, 0, 0, NULL, NULL, 0, '2021-12-19 16:33:15', '2022-02-09 05:36:59');
INSERT INTO `chairstocks` VALUES ('55cca958-2864-4d35-9373-014d8a6dde03', '** NO BRAND **', 'Vision Chair', 'WHITE', 'Blue Y-04', 'Blue Y-04', 'Mesh ', 'Mesh ', 1, 1, '', 'http://blueoceanblue.com:4000/uploads/stocks/1645074792881-螢幕擷取畫面 2022-02-17 130912.png', 3249, 0, 0, NULL, NULL, 0, '2021-12-19 16:33:15', '2022-02-17 05:13:13');
INSERT INTO `chairstocks` VALUES ('55f112c4-807e-49d0-b216-b70f745a370b', 'Wagner', 'Alumedic 10', 'Black', 'Blue', 'Blue', 'Mesh ', 'Fabric', 1, 1, '', 'http://blueoceanblue.com:4000/uploads/stocks/1640336652879-Alumedic 10 Blue.jpg', 8200, 0, 0, NULL, NULL, 0, '2021-12-19 16:33:15', '2021-12-24 09:04:13');
INSERT INTO `chairstocks` VALUES ('56754461-ceb4-4af3-82b4-034194b5ee96', 'Allseating ', 'You High Back', 'BLACK', 'IRON (Black)', 'Midnight Black', 'Mesh', 'Fabric', 0, 1, '', 'http://blueoceanblue.com:4000/uploads/stocks/1640331902560-2019-12-23-17-18-50.jpg', 8600, 0, 0, NULL, NULL, 0, '2021-12-19 16:33:15', '2021-12-24 07:45:02');
INSERT INTO `chairstocks` VALUES ('56d9fc90-5fbc-41d2-bce8-961985e659b0', 'Nightingale', 'CXO L6200D Full Leather', 'Dark Grey', 'Mediterranean #455', 'Mediterranean #455', 'Leather', 'Leather', 1, 1, '', 'http://blueoceanblue.com:4000/uploads/stocks/1644489356649-螢幕擷取畫面 2022-02-10 183546.png', 11500, 0, 0, NULL, NULL, 0, '2021-12-19 16:33:15', '2022-02-10 10:35:56');
INSERT INTO `chairstocks` VALUES ('56e97af1-81c8-4ea8-90af-9344111d1b2c', 'Okamura ', 'Lives Work Chair (Low Back Wooden Base -Twill Fabric)', 'N/A', '', '', 'Fabric', 'Fabric', 0, 0, '', 'http://blueoceanblue.com:4000/uploads/stocks/1640342033060-sku-395671.jpg', 6600, 0, 0, NULL, NULL, 0, '2021-12-19 16:33:15', '2021-12-24 10:33:53');
INSERT INTO `chairstocks` VALUES ('577a2feb-5c0c-495f-80b2-24b18c0ddb6d', 'Topstar', 'Ball Chair with metal legs', 'N/A', '', '', 'N/A', 'Fabric', 0, 0, '', 'http://blueoceanblue.com:4000/uploads/stocks/1640337322175-Ball chair.jpg', 1649, 0, 0, NULL, NULL, 0, '2021-12-19 16:33:15', '2021-12-24 09:15:22');
INSERT INTO `chairstocks` VALUES ('57fb187b-8c51-459c-80a1-c831e0b90009', 'Duorest ', 'DR7500G', 'Black', 'Knit Green', 'Knit Green', 'Fabric', 'Fabric', 1, 1, '', 'http://blueoceanblue.com:4000/uploads/stocks/1640330123708-DR-7500G KNIT GREEN.jpg', 3900, 0, 0, NULL, NULL, 0, '2021-12-19 16:33:15', '2022-01-12 08:00:50');
INSERT INTO `chairstocks` VALUES ('58885543-5c77-4cf6-a07f-b0b739a681d5', 'Sidiz ', 'T25', 'WHITE', 'Grey', 'Brown 459L', 'Mesh', 'Fabric', 0, 0, '', '', 3400, 0, 0, NULL, NULL, 0, '2021-12-19 16:33:15', '2021-12-19 16:33:15');
INSERT INTO `chairstocks` VALUES ('58ef33ec-ae24-4494-b5b2-0b27cc258171', 'Nightingale', 'CXO 6200D', 'Dark Grey', 'Black', 'Clementine BEE017', 'Mesh', 'Fabric', 1, 1, '', 'http://blueoceanblue.com:4000/uploads/stocks/1644383612462-螢幕擷取畫面 2022-02-09 131320.png', 9000, 0, 0, NULL, NULL, 0, '2021-12-19 16:33:15', '2022-02-09 05:13:32');
INSERT INTO `chairstocks` VALUES ('5aa71cb2-6e41-4662-a48c-01f98f4b310e', 'Okamura ', 'Finora w/o headrest', 'WHITE', '', '', 'Mesh', 'Fabric', 0, 1, '', 'http://blueoceanblue.com:4000/uploads/stocks/1640340847619-t02-s02-p03-k03-b02-h02-l01-a01-F1G2_1.jpg', 7700, 0, 0, NULL, NULL, 0, '2021-12-19 16:33:15', '2021-12-24 10:14:07');
INSERT INTO `chairstocks` VALUES ('5abab3e4-ca89-43cc-b1a2-642403985f3d', 'Okamura ', 'Contessa with small headrest (Full Mesh Version)', 'BLACK ', '', '', 'Mesh', 'Mesh', 1, 1, '', 'http://blueoceanblue.com:4000/uploads/stocks/1640341157949-t01-f03-b01-s01-r02-h02-l01-a01-k01-FPG1_1.jpg', 11200, 0, 0, NULL, NULL, 0, '2021-12-19 16:33:15', '2021-12-24 10:19:18');
INSERT INTO `chairstocks` VALUES ('5aef732f-e03d-4edb-85eb-9a29f82b8c27', 'Nightingale', 'IC2 UFST', 'BLACK', 'BLACK', 'Poppy #430', 'Mesh', 'Leather', 1, 1, '', 'http://blueoceanblue.com:4000/uploads/stocks/1644482198576-螢幕擷取畫面 2022-02-10 163628.png', 8499, 0, 0, NULL, NULL, 0, '2021-12-19 16:33:15', '2022-02-10 08:36:38');
INSERT INTO `chairstocks` VALUES ('5b15b4b2-de09-4e36-93b7-2fb817e2ac03', 'Wagner', 'Titan 20', 'WHITE', 'Red', 'Red', 'Fabric', 'Fabric', 1, 1, '', 'http://blueoceanblue.com:4000/uploads/stocks/1640336107697-Titan 20 Red.jpg', 10699, 0, 0, NULL, NULL, 0, '2021-12-19 16:33:15', '2021-12-24 08:55:43');
INSERT INTO `chairstocks` VALUES ('5c7175fe-f0fe-477a-b325-0399d70fcca7', 'Nightingale', 'CXO 6200D', 'Dark Grey', 'Silver', 'Black BEE09', 'Mesh', 'Fabric', 1, 1, '', 'http://blueoceanblue.com:4000/uploads/stocks/1644385062788-螢幕擷取畫面 2022-02-09 133728.png', 9000, 0, 0, NULL, NULL, 0, '2021-12-19 16:33:15', '2022-02-09 05:37:42');
INSERT INTO `chairstocks` VALUES ('5f42ca38-7ad6-4cba-be93-1feafff53bd6', 'Sidiz ', 'T25 (Flex Back)', 'BLACK', 'Black', 'Navy A444A', 'Plastic', 'Fabric', 0, 0, '', '', 3400, 0, 0, NULL, NULL, 0, '2021-12-19 16:33:15', '2021-12-19 16:33:15');
INSERT INTO `chairstocks` VALUES ('5f628f72-1036-4bc6-9700-9da347d2ce95', 'Nightingale', 'CXO 6200D', 'Dark Grey', 'Silver', 'Gris BEE008', 'Mesh', 'Fabric', 1, 1, '', 'http://blueoceanblue.com:4000/uploads/stocks/1644385094141-螢幕擷取畫面 2022-02-09 133804.png', 9000, 0, 0, NULL, NULL, 0, '2021-12-19 16:33:15', '2022-02-09 05:38:14');
INSERT INTO `chairstocks` VALUES ('5f6fec3d-9026-4cbd-bc5b-57d027ba892e', 'Nightingale', 'CXO6200D Heavy Duty', 'Dark Grey', 'Black', 'Java BEE11', 'Mesh', 'Fabric', 1, 1, '', 'http://blueoceanblue.com:4000/uploads/stocks/1644400835855-螢幕擷取畫面 2022-02-09 180024.png', 11500, 0, 0, NULL, NULL, 0, '2021-12-19 16:33:15', '2022-02-09 10:00:36');
INSERT INTO `chairstocks` VALUES ('60883cd1-f87e-4178-91eb-5064484390b0', '** NO BRAND **', 'Groom Guest Chair (w/Metal Armrests Half Leather version)', 'N/A', '', '', 'Leather', 'Leather', 0, 0, '', 'http://blueoceanblue.com:4000/uploads/stocks/1640667942393-Groom 2.jpg', 3099, 0, 0, NULL, NULL, 0, '2021-12-19 16:33:15', '2021-12-28 05:05:42');
INSERT INTO `chairstocks` VALUES ('60d93a14-07bb-4411-b50a-36f4a25e81fc', 'Nightingale', 'CXO L6200D Full Leather', 'Dark Grey', 'Aspen #300', 'Aspen #300', 'Leather', 'Leather', 1, 1, '', 'http://blueoceanblue.com:4000/uploads/stocks/1644489563421-螢幕擷取畫面 2022-02-10 183913.png', 11500, 0, 0, NULL, NULL, 0, '2021-12-19 16:33:15', '2022-02-10 10:39:23');
INSERT INTO `chairstocks` VALUES ('61671df8-9b8a-46ae-bc72-f6a248540640', 'Nightingale', 'CXO 6200D', 'Dark Grey', 'Black', 'Concord BEE015', 'Mesh', 'Fabric', 1, 1, '', 'http://blueoceanblue.com:4000/uploads/stocks/1644383663721-螢幕擷取畫面 2022-02-09 131412.png', 9000, 0, 0, NULL, NULL, 0, '2021-12-19 16:33:15', '2022-02-09 05:14:23');
INSERT INTO `chairstocks` VALUES ('618f9991-64fb-4a59-b848-c017fadb6906', 'Nightingale', 'IC2 Full Leather', 'BLACK', 'Clay #435', 'Clay #435', 'Leather', 'Leather', 0, 0, '', 'http://blueoceanblue.com:4000/uploads/stocks/1644988711343-Nightingale_IC2 full leather_435.png', 9099, 0, 0, NULL, NULL, 0, '2021-12-19 16:33:15', '2022-02-16 05:18:31');
INSERT INTO `chairstocks` VALUES ('62dc3c25-d150-4e45-81b2-daa7240e1e72', '** NO BRAND **', 'Ricks Chair (Mesh back version)', 'WHITE', '', '', 'Mesh ', 'Fabric', 1, 1, '', 'http://blueoceanblue.com:4000/uploads/stocks/1640668149386-VIX-6.jpg', 2450, 0, 0, NULL, NULL, 0, '2021-12-19 16:33:15', '2021-12-28 05:09:09');
INSERT INTO `chairstocks` VALUES ('6424831e-3fba-4d6b-913d-de57c2d348a8', 'Okamura ', 'Finora w/o headrest', 'BLACK ', '', '', 'Mesh', 'Fabric', 0, 1, '', 'http://blueoceanblue.com:4000/uploads/stocks/1640340890172-t02-s02-p02-k02-b01-h02-l01-a01-F1G1_1.jpg', 7700, 0, 0, NULL, NULL, 0, '2021-12-19 16:33:15', '2021-12-24 10:14:50');
INSERT INTO `chairstocks` VALUES ('6466c486-0c57-4cd2-91fa-5c86399bb40c', 'Ergohuman', 'Plus Deluxe', 'BLACK', 'Bright Orange KMD-33', 'Bright Orange KMD-33', 'Mesh ', 'Mesh ', 1, 1, '', 'http://blueoceanblue.com:4000/uploads/stocks/1644556643917-KMD-33.jpg', 6200, 0, 0, NULL, NULL, 0, '2021-12-19 16:33:15', '2022-02-11 05:17:24');
INSERT INTO `chairstocks` VALUES ('646cc60b-fa7c-4a80-ae2e-6d2a2b4ce27c', 'Nightingale', 'CXO L6200D Full Leather', 'Dark Grey', 'Swan White #456', 'Swan White #456', 'Leather', 'Leather', 1, 1, '', 'http://blueoceanblue.com:4000/uploads/stocks/1644489332736-螢幕擷取畫面 2022-02-10 183520.png', 11500, 0, 0, NULL, NULL, 0, '2021-12-19 16:33:15', '2022-02-10 10:35:32');
INSERT INTO `chairstocks` VALUES ('64c15e36-ab85-4c11-8e1a-e100edd3de0d', 'Duorest ', 'DR7500G', 'Black', 'Knit Red', 'Knit Red', 'Fabric', 'Fabric', 1, 1, '', 'http://blueoceanblue.com:4000/uploads/stocks/1640330133478-DR-7500G KNIT RED.jpg', 3900, 0, 0, NULL, NULL, 0, '2021-12-19 16:33:15', '2021-12-24 07:15:33');
INSERT INTO `chairstocks` VALUES ('65091bbf-6f37-404f-9074-1031c8bb14e3', 'Nightingale', 'CXO 6200D', 'Dark Grey', 'Silver', 'Azure BEE03', 'Mesh', 'Fabric', 1, 1, '', 'http://blueoceanblue.com:4000/uploads/stocks/1644385143846-螢幕擷取畫面 2022-02-09 133853.png', 9000, 0, 0, NULL, NULL, 0, '2021-12-19 16:33:15', '2022-02-09 05:39:04');
INSERT INTO `chairstocks` VALUES ('654ff9b7-7f76-4201-8345-99382323db27', '** NO BRAND **', 'Ricks Chair (Mesh back version)', 'BLACK', '', '', 'Mesh ', 'Fabric', 1, 1, '', 'http://blueoceanblue.com:4000/uploads/stocks/1640668010227-high-back-executive-chair-250x250.jpg', 2450, 0, 0, NULL, NULL, 0, '2021-12-19 16:33:15', '2021-12-28 05:06:50');
INSERT INTO `chairstocks` VALUES ('65e10438-c930-444f-a192-2b56c7bf9283', 'Nightingale', 'CXO L6200D Full Leather', 'Dark Grey', 'Bone #450', 'Bone #450', 'Leather', 'Leather', 1, 1, '', 'http://blueoceanblue.com:4000/uploads/stocks/1644489386238-螢幕擷取畫面 2022-02-10 183615.png', 11500, 0, 0, NULL, NULL, 0, '2021-12-19 16:33:15', '2022-02-10 10:36:26');
INSERT INTO `chairstocks` VALUES ('66c7bc22-b278-4add-80a9-1bc8ba3e595a', 'Nightingale', 'CXO 6200D', 'Dark Grey', 'Silver', 'Clementine BEE017', 'Mesh', 'Fabric', 1, 1, '', 'http://blueoceanblue.com:4000/uploads/stocks/1644385182723-螢幕擷取畫面 2022-02-09 133931.png', 9000, 0, 0, NULL, NULL, 0, '2021-12-19 16:33:15', '2022-02-09 05:39:42');
INSERT INTO `chairstocks` VALUES ('673c84c5-be51-4b65-87bc-7cf0eb8b5b26', 'Nightingale', 'IC2 UFST', 'BLACK', 'BLACK', 'Mandarin 2245', 'Mesh', 'Fabric', 1, 1, '', 'http://blueoceanblue.com:4000/uploads/stocks/1644483722228-螢幕擷取畫面 2022-02-10 1701064.png', 8099, 0, 0, NULL, NULL, 0, '2021-12-19 16:33:15', '2022-02-10 09:02:02');
INSERT INTO `chairstocks` VALUES ('67426a28-0ad8-40c5-925b-831941d78a89', 'Ergohuman', 'IOO', 'BLACK', 'Bright Blue KMD-35', 'Bright Blue KMD-35', 'Mesh ', 'Mesh ', 1, 1, '', 'http://blueoceanblue.com:4000/uploads/stocks/1644567370660-IOO KMD-35.jpg', 5100, 0, 0, NULL, NULL, 0, '2021-12-19 16:33:15', '2022-02-11 08:16:10');
INSERT INTO `chairstocks` VALUES ('688f0768-7e53-4474-86ee-446705b865c9', 'Nightingale', 'CXO6200D Heavy Duty', 'Dark Grey', 'Black', 'Clementine BEE017', 'Mesh', 'Fabric', 1, 1, '', 'http://blueoceanblue.com:4000/uploads/stocks/1644400878815-螢幕擷取畫面 2022-02-09 180104.png', 11500, 0, 0, NULL, NULL, 0, '2021-12-19 16:33:15', '2022-02-09 10:01:18');
INSERT INTO `chairstocks` VALUES ('6973a8d7-c395-4aeb-bba2-9a40745902ad', 'Duorest ', 'A80H', 'Black', 'Black', 'Black', 'Fabric', 'Mesh', 1, 1, '', 'http://blueoceanblue.com:4000/uploads/stocks/1640334247526-A80 BLK.JPG', 5500, 2, 2, NULL, NULL, 0, '2021-12-19 16:33:15', '2022-02-19 10:04:54');
INSERT INTO `chairstocks` VALUES ('697c1c7d-be26-444e-9504-6f4d86eac6b4', 'Okamura ', 'Contessa w/o headrests (Cushion Seat Version)', 'BLACK ', '', '', 'Mesh', 'Fabric', 0, 1, '', 'http://blueoceanblue.com:4000/uploads/stocks/1640342120829-t02-f03-b01-s02-r03-h02-l01-a01-k01-FPD2_1.jpg', 10000, 0, 0, NULL, NULL, 0, '2021-12-19 16:33:15', '2021-12-24 10:35:20');
INSERT INTO `chairstocks` VALUES ('69beb53c-03d7-4805-a1f3-ece023f106ca', 'Nightingale', 'CXO 6200D', 'Dark Grey', 'Silver', 'Pine BEE014', 'Mesh', 'Fabric', 1, 1, '', 'http://blueoceanblue.com:4000/uploads/stocks/1644385219347-螢幕擷取畫面 2022-02-09 134007.png', 9000, 0, 0, NULL, NULL, 0, '2021-12-19 16:33:15', '2022-02-09 05:40:19');
INSERT INTO `chairstocks` VALUES ('6a9e45c5-c00a-4be9-87f4-a01597a5bf45', 'Nightingale', 'CXO L6200D Full Leather', 'Dark Grey', 'Brownie #295', 'Brownie #295', 'Leather', 'Leather', 1, 1, '', 'http://blueoceanblue.com:4000/uploads/stocks/1644489464458-螢幕擷取畫面 2022-02-10 183735.png', 11500, 0, 0, NULL, NULL, 0, '2021-12-19 16:33:15', '2022-02-10 10:37:44');
INSERT INTO `chairstocks` VALUES ('6b231ede-1843-4298-a75c-613c82b20c35', 'Nightingale', 'IC2 Full Leather', 'BLACK', 'Mediterranean #455', 'Mediterranean #455', 'Leather', 'Leather', 0, 0, '', 'http://blueoceanblue.com:4000/uploads/stocks/1644988732559-Nightingale_IC2 full leather_455.png', 9099, 0, 0, NULL, NULL, 0, '2021-12-19 16:33:15', '2022-02-16 05:18:52');
INSERT INTO `chairstocks` VALUES ('6b52eb20-d09a-467f-864d-417df6eb3d90', 'Nightingale', 'NLC HB Full Leather version with flip up arms', 'BLACK', 'Cobblestone #440', 'Cobblestone #440', 'Leather', 'Leather', 1, 0, '', 'http://blueoceanblue.com:4000/uploads/stocks/1640339305418-NLC Cobblestone.jpg', 10000, 0, 0, NULL, NULL, 0, '2021-12-19 16:33:15', '2021-12-24 09:48:25');
INSERT INTO `chairstocks` VALUES ('6b58cbf5-856c-4d51-9bc1-b25b9662c87b', 'Ergohuman', 'IOO', 'BLACK', 'Bright Orange KMD-33', 'Bright Orange KMD-33', 'Mesh ', 'Mesh ', 1, 1, '', 'http://blueoceanblue.com:4000/uploads/stocks/1644567326967-IOO KMD-33.jpg', 5100, 0, 0, NULL, NULL, 0, '2021-12-19 16:33:15', '2022-02-11 08:15:27');
INSERT INTO `chairstocks` VALUES ('6c5aa818-eb73-4c50-9a7f-62068eca6e17', 'Okamura ', 'Cynara Regular Color (Fixed Arms -Regular Carpet Casters)', 'N/A', '', '', 'Mesh', 'Mesh', 0, 0, '', 'http://blueoceanblue.com:4000/uploads/stocks/1640182953014-sku-667696.jpg', 4900, 0, 0, NULL, NULL, 0, '2021-12-19 16:33:15', '2021-12-22 14:22:33');
INSERT INTO `chairstocks` VALUES ('6c5bbfb9-995c-4b9c-a432-5814b3dc234c', 'Okamura ', 'Finora with headrest', 'BLACK ', '', '', 'Mesh', 'Fabric', 1, 1, '', 'http://blueoceanblue.com:4000/uploads/stocks/1640342202474-t01-s01-p01-k01-b01-h02-l01-a01-F1E3_1.jpg', 9700, 0, 0, NULL, NULL, 0, '2021-12-19 16:33:15', '2021-12-24 10:36:42');
INSERT INTO `chairstocks` VALUES ('6def2ab4-3ee9-4aa5-b89c-28b49b839a42', 'Nightingale', 'CXO6200D Heavy Duty', 'Dark Grey', 'Black', 'Azure BEE03', 'Mesh', 'Fabric', 1, 1, '', 'http://blueoceanblue.com:4000/uploads/stocks/1644400914369-螢幕擷取畫面 2022-02-09 180141.png', 11500, 0, 0, NULL, NULL, 0, '2021-12-19 16:33:15', '2022-02-09 10:01:54');
INSERT INTO `chairstocks` VALUES ('6e093e7b-a8a9-45bd-93ef-d84394958396', 'Okamura ', 'Lives Work Chair (Low Back Wooden Base -Interlock Fabric)', 'N/A', '', '', 'Fabric', 'Fabric', 0, 0, '', 'http://blueoceanblue.com:4000/uploads/stocks/1640669121797-t02-b02-l05-m01-FXW1_1.jpg', 5900, 0, 0, NULL, NULL, 0, '2021-12-19 16:33:15', '2021-12-28 05:25:21');
INSERT INTO `chairstocks` VALUES ('6e478e08-b4d9-4b5d-85db-0158c492f7db', '** NO BRAND **', 'Vision Chair', 'BLACK', 'Pink Y-08', 'Pink Y-08', 'Mesh ', 'Mesh ', 1, 1, '', 'http://blueoceanblue.com:4000/uploads/stocks/1645075431010-螢幕擷取畫面 2022-02-17 132237.png', 2999, 0, 0, NULL, NULL, 0, '2021-12-19 16:33:15', '2022-02-17 05:23:51');
INSERT INTO `chairstocks` VALUES ('6ea3f3ce-276c-4e6c-b332-2e1198741b52', 'Okamura ', 'Lives Work Chair (High Back Swivel -Twill Fabric)', 'N/A', '', '', 'Fabric', 'Fabric', 0, 0, '', 'http://blueoceanblue.com:4000/uploads/stocks/1640669170482-t01-b02-l03-m03-FLB7_1.jpg', 7000, 0, 0, NULL, NULL, 0, '2021-12-19 16:33:15', '2021-12-28 05:26:10');
INSERT INTO `chairstocks` VALUES ('6ff0ca85-7e0f-4ab6-8a7d-5bcea6425409', 'Nightingale', 'CXO 6200D UFST', 'Dark Grey', 'Silver', 'Aspen #300', 'Mesh', 'Leather', 1, 1, '', 'http://blueoceanblue.com:4000/uploads/stocks/1645004127229-Nightingale_CXO 6200D UFST_300.png', 10900, 0, 0, NULL, NULL, 0, '2021-12-19 16:33:15', '2022-02-16 09:35:27');
INSERT INTO `chairstocks` VALUES ('70cd28ab-0886-4600-9d4d-0161abb79b3c', 'Nightingale', 'CXO6200D Heavy Duty', 'Dark Grey', 'Black', 'Lapis BEE016', 'Mesh', 'Fabric', 1, 1, '', 'http://blueoceanblue.com:4000/uploads/stocks/1644400946087-螢幕擷取畫面 2022-02-09 180216.png', 11500, 0, 0, NULL, NULL, 0, '2021-12-19 16:33:15', '2022-02-09 10:02:26');
INSERT INTO `chairstocks` VALUES ('716eb486-4c0c-4c15-86fb-5c7834c8d8a2', 'Topstar', 'Ball Chair with wooden legs', 'N/A', '', '', 'N/A', 'Fabric', 0, 0, '', 'http://blueoceanblue.com:4000/uploads/stocks/1640337339029-topstar-ball-chair-00-08.jpg', 2249, 0, 0, NULL, NULL, 0, '2021-12-19 16:33:15', '2021-12-24 09:15:39');
INSERT INTO `chairstocks` VALUES ('73e9b291-6cfe-45b1-a6c4-b20946e7a880', 'Nightingale', 'IC2 UFST', 'BLACK', 'BLACK', 'Swan White #456', 'Mesh', 'Leather', 1, 1, '', 'http://blueoceanblue.com:4000/uploads/stocks/1644482237292-螢幕擷取畫面 2022-02-10 163704.png', 8499, 0, 0, NULL, NULL, 0, '2021-12-19 16:33:15', '2022-02-10 08:37:17');
INSERT INTO `chairstocks` VALUES ('7442e9e7-b529-471a-8dd3-3fff3a6bd450', 'Okamura ', 'Slyphy w/o headrest (Fully Upholstered Version)', 'WHITE', '', '', 'Fabric', 'Fabric', 0, 1, '', 'http://blueoceanblue.com:4000/uploads/stocks/1640669261149-t03-b02-s02-h02-l02-a01-k01-m02-FXW9_1.jpg', 7600, 0, 0, NULL, NULL, 0, '2021-12-19 16:33:15', '2021-12-28 05:27:41');
INSERT INTO `chairstocks` VALUES ('74595ed6-f186-4c8e-be2e-ead4068c2f52', 'Okamura ', 'Cynara Accent Color (Fixed Arms -Regular Carpet Casters)', 'N/A', '', '', 'Mesh', 'Mesh', 0, 0, '', 'http://blueoceanblue.com:4000/uploads/stocks/1640183107345-sku-667700.jpg', 5700, 0, 0, NULL, NULL, 0, '2021-12-19 16:33:15', '2021-12-22 14:25:07');
INSERT INTO `chairstocks` VALUES ('7636e6aa-4196-42b7-afc9-ce013d7cac85', 'Sidiz ', 'T50', 'BLACK', 'Black', 'Red 453A', 'Mesh', 'Fabric', 1, 1, '', 'http://blueoceanblue.com:4000/uploads/stocks/1640337875338-F1501201268008YBIPABWGUVO.png', 4300, 0, 0, NULL, NULL, 0, '2021-12-19 16:33:15', '2021-12-24 09:24:35');
INSERT INTO `chairstocks` VALUES ('76822ef6-15fb-41b6-ad60-1b75c4a887cb', 'Nightingale', 'NLC HB Full Leather version with flip up arms', 'BLACK', 'Steel #296', 'Steel #296', 'Leather', 'Leather', 1, 0, '', 'http://blueoceanblue.com:4000/uploads/stocks/1640339372050-NLC Steel.jpg', 10000, 0, 0, NULL, NULL, 0, '2021-12-19 16:33:15', '2021-12-24 09:49:32');
INSERT INTO `chairstocks` VALUES ('77a857fc-1352-4a31-8a4d-fa2401026547', 'Topstar', 'Titan Junior 3D', 'BLACK', '', '', 'Fabric', 'Fabric', 0, 0, '', 'http://blueoceanblue.com:4000/uploads/stocks/1640337365011-titan-junior-3d.jpg', 2970, 0, 0, NULL, NULL, 0, '2021-12-19 16:33:15', '2021-12-24 09:16:05');
INSERT INTO `chairstocks` VALUES ('78625248-e6cd-4657-8f85-9805fecf745e', 'Sidiz ', 'T25 (Flex Back)', 'WHITE', 'Grey', 'Green 457L', 'Plastic', 'Fabric', 0, 0, '', 'http://blueoceanblue.com:4000/uploads/stocks/1640338376750-F1483608656445WYNCONRKZUF.png', 3400, 0, 0, NULL, NULL, 0, '2021-12-19 16:33:15', '2021-12-24 09:32:56');
INSERT INTO `chairstocks` VALUES ('787ad21e-d38d-45d0-95e8-e69bc617f8a6', 'Wagner', 'Titan 20', 'WHITE', 'Burgundy', 'Burgundy', 'Fabric', 'Fabric', 1, 1, '', '', 10699, 0, 0, NULL, NULL, 0, '2021-12-19 16:33:15', '2021-12-24 08:55:39');
INSERT INTO `chairstocks` VALUES ('788caedd-65be-49ca-8dda-198c18bb2bbc', 'Ergohuman', 'IOO', 'WHITE', 'Bright Blue KMD-35', 'Bright Blue KMD-35', 'Mesh ', 'Mesh ', 1, 1, '', 'http://blueoceanblue.com:4000/uploads/stocks/1644566658413-IOO KMD-35 WH.jpg', 5100, 0, 0, NULL, NULL, 0, '2021-12-19 16:33:15', '2022-02-11 08:04:18');
INSERT INTO `chairstocks` VALUES ('79e8d7e9-a951-4dcf-9f70-c513e5875d5c', 'Duorest ', 'D2', 'Black', 'D2 Orange', 'D2 Orange', 'Fabric', 'Fabric', 1, 1, '', 'http://blueoceanblue.com:4000/uploads/stocks/1640333043448-D2 Orange BLK.jpg', 4900, 0, 0, NULL, NULL, 0, '2021-12-19 16:33:15', '2021-12-24 08:04:03');
INSERT INTO `chairstocks` VALUES ('7ab1ba74-c556-43fd-b754-bc21d0858293', 'Ergohuman', 'Plus Deluxe', 'BLACK', 'Black KMD-31', 'Black KMD-31', 'Mesh ', 'Mesh ', 1, 1, '', 'http://blueoceanblue.com:4000/uploads/stocks/1644556692525-KMD-31.jpg', 6200, 0, 0, NULL, NULL, 0, '2021-12-19 16:33:15', '2022-02-11 05:18:12');
INSERT INTO `chairstocks` VALUES ('7aef82f0-cd65-41c5-9230-87626972c039', '** NO BRAND **', 'Marrit (Mesh back w/ leather seat)', 'BLACK', 'BLACK', 'BLACK', 'Mesh ', 'Leather', 1, 1, '', 'http://blueoceanblue.com:4000/uploads/stocks/1640668692848-Marrit leather seat.jpg', 6100, 0, 0, NULL, NULL, 0, '2021-12-19 16:33:15', '2021-12-28 05:18:12');
INSERT INTO `chairstocks` VALUES ('7b8683d8-cab3-4df4-8756-f264be8d8522', 'Herman Miller ', 'Remaster Aeron Size B', 'Mineral', 'Mineral', 'Mineral', 'Mesh', 'Mesh', 0, 1, '(12 years warranty included, covered by POSH OFFICE SYSTEMS (HK) LTD)', 'http://blueoceanblue.com:4000/uploads/stocks/1644372644769-Aeron Mineral B.jpg', 14000, 0, 0, NULL, NULL, 0, '2021-12-19 16:33:15', '2022-02-09 02:10:44');
INSERT INTO `chairstocks` VALUES ('7bdda13f-8d88-4668-a163-7c2c833ac7a2', 'Wagner', 'Alumedic Ltd S', 'Black', 'Beige', 'Beige', 'Leather', 'Leather', 1, 1, '', 'http://blueoceanblue.com:4000/uploads/stocks/1640337156016-Alumedic ltd S Beige.jpg', 13799, 1, 1, NULL, NULL, 0, '2021-12-19 16:33:15', '2022-01-07 11:02:05');
INSERT INTO `chairstocks` VALUES ('7d634e38-b596-444a-83eb-7edffe3256cf', 'Okamura ', 'Cynara Regular Color (Armless -Regular Carpet Casters)', 'N/A', '', '', 'Mesh', 'Mesh', 0, 0, '', 'http://blueoceanblue.com:4000/uploads/stocks/1640182916882-sku-667683.jpg', 4400, 0, 0, NULL, NULL, 0, '2021-12-19 16:33:15', '2021-12-22 14:21:57');
INSERT INTO `chairstocks` VALUES ('7dc012cd-9b64-470e-89d6-0159ec0bdb80', 'Nightingale', 'NLC HB Full Leather version with flip up arms', 'BLACK', 'Aspen #300', 'Aspen #300', 'Leather', 'Leather', 1, 0, '', 'http://blueoceanblue.com:4000/uploads/stocks/1640339046609-NLC Aspen.jpg', 10000, 0, 0, NULL, NULL, 0, '2021-12-19 16:33:15', '2021-12-24 09:44:06');
INSERT INTO `chairstocks` VALUES ('7e48d3fb-a2aa-4df9-b2d6-40bc26ec84b8', 'Okamura ', 'Finora with headrest', 'WHITE', '', '', 'Mesh', 'Mesh', 1, 1, '', 'http://blueoceanblue.com:4000/uploads/stocks/1640344035098-t01-s01-p03-k03-b02-h02-l01-a01-F1E7_1.jpg', 9700, 0, 0, NULL, NULL, 0, '2021-12-19 16:33:15', '2021-12-24 11:07:15');
INSERT INTO `chairstocks` VALUES ('7e66cb7a-97b0-4efd-94e4-091882ab865a', 'Wagner', 'Alumedic 10', 'Black', 'Grey', 'Grey', 'Mesh ', 'Fabric', 1, 1, '', 'http://blueoceanblue.com:4000/uploads/stocks/1640336715007-Alumedic Grey.jpg', 8200, 0, 0, NULL, NULL, 0, '2021-12-19 16:33:15', '2021-12-24 09:05:15');
INSERT INTO `chairstocks` VALUES ('7ead8496-d444-415c-96fc-f85fe81835c8', 'Nightingale', 'CXO6200D Heavy Duty', 'Dark Grey', 'Black', 'Slate BEE10', 'Mesh', 'Fabric', 1, 1, '', 'http://blueoceanblue.com:4000/uploads/stocks/1644400987386-螢幕擷取畫面 2022-02-09 180258.png', 11500, 0, 0, NULL, NULL, 0, '2021-12-19 16:33:15', '2022-02-09 10:03:07');
INSERT INTO `chairstocks` VALUES ('7ec5d56a-fa30-489b-8b24-d32f2e29fc70', 'Nightingale', 'CXO 6200D UFST', 'Dark Grey', 'Silver', 'Steel #296', 'Mesh', 'Leather', 1, 1, '', 'http://blueoceanblue.com:4000/uploads/stocks/1645004108635-Nightingale_CXO 6200D UFST_296.png', 10900, 0, 0, NULL, NULL, 0, '2021-12-19 16:33:15', '2022-02-16 09:35:08');
INSERT INTO `chairstocks` VALUES ('7f089c3e-f291-4cd5-b6ed-a5e0619d4fa3', 'Sidiz ', 'T50', 'BLACK', 'Black', 'Black 456', 'Mesh', 'Fabric', 1, 1, '', 'http://blueoceanblue.com:4000/uploads/stocks/1640337839110-F1501201604524NUMEMTQPBLW.png', 4300, 0, 0, NULL, NULL, 0, '2021-12-19 16:33:15', '2021-12-24 09:23:59');
INSERT INTO `chairstocks` VALUES ('7f206dce-f63b-40cd-9475-1cd5e9f046ac', 'Sidiz ', 'T25', 'WHITE', 'Grey', 'Navy A444A', 'Mesh', 'PU', 0, 0, '', 'http://blueoceanblue.com:4000/uploads/stocks/1640182151079-T25 Mesh Back WH Frame A444A.png', 3400, 0, 0, NULL, NULL, 0, '2021-12-19 16:33:15', '2021-12-22 14:09:11');
INSERT INTO `chairstocks` VALUES ('7fbd7698-0d5a-4d64-9ac2-d2eedfdf5d6d', 'Okamura ', 'Contessa with large headrest (Full Mesh Version)', 'SILVER', '', '', 'Mesh', 'Mesh', 1, 1, '', 'http://blueoceanblue.com:4000/uploads/stocks/1640341961755-t01-f02-b01-s01-r01-h02-l01-a01-k01-FPG2_1.jpg', 11500, 0, 0, NULL, NULL, 0, '2021-12-19 16:33:15', '2021-12-24 10:32:41');
INSERT INTO `chairstocks` VALUES ('8120a624-2468-44b9-8b07-151b39c6a8ab', 'Wagner', 'Titan Ltd S', 'Black', 'Red ', 'Beige', 'Leather', 'Leather', 1, 1, '', 'http://blueoceanblue.com:4000/uploads/stocks/1640337127920-Titan Ltd S beige.jpg', 16999, 0, 0, NULL, NULL, 0, '2021-12-19 16:33:15', '2021-12-24 09:12:08');
INSERT INTO `chairstocks` VALUES ('8179f863-613f-4ff8-b5d3-ffef8b9023f9', 'Sidiz ', 'T50 Air', 'WHITE', 'Grey', 'Black 2D6B', 'Mesh', 'Fabric', 1, 1, '', 'http://blueoceanblue.com:4000/uploads/stocks/1640182001965-T50 Black.jpg', 3899, 0, 0, NULL, NULL, 0, '2021-12-19 16:33:15', '2021-12-22 14:06:42');
INSERT INTO `chairstocks` VALUES ('81c2722e-8451-4be8-9393-e064f7d90370', 'Wagner', 'Titan 20', 'WHITE', 'White', 'White', 'Fabric', 'Fabric', 1, 1, '', 'http://blueoceanblue.com:4000/uploads/stocks/1640336133779-Titan 20 White.jpg', 10699, 0, 0, NULL, NULL, 0, '2021-12-19 16:33:15', '2021-12-24 08:55:34');
INSERT INTO `chairstocks` VALUES ('82006fc5-13c1-4f98-8cee-bb089f5babe9', 'Allseating ', 'You Too Mid Back', 'BLACK', 'Zinc', 'Midnight Drift', 'Mesh', 'Fabric', 0, 1, '', 'http://blueoceanblue.com:4000/uploads/stocks/1640332052186-You Too Grey.jpg', 6200, 0, 0, NULL, NULL, 0, '2021-12-19 16:33:15', '2021-12-24 07:47:32');
INSERT INTO `chairstocks` VALUES ('8271bf1c-dff9-43d2-8d7e-30fd0788bf9e', '** NO BRAND **', 'Uni Chair (without headrest)', 'WHITE', 'Pink Y-08', 'Pink Y-08', 'Mesh ', 'Mesh ', 0, 1, '', '', 2949, 0, 0, NULL, NULL, 0, '2021-12-19 16:33:15', '2021-12-28 04:45:57');
INSERT INTO `chairstocks` VALUES ('83fa9d1c-9f1d-4371-ba5a-09f1c3984954', '** NO BRAND **', 'Arthur Executive Chair (High Back Half Leather Version)', 'N/A', 'BLACK', 'BLACK', 'Leather', 'Leather', 1, 0, '', '', 3650, 0, 0, NULL, NULL, 0, '2021-12-19 16:33:15', '2021-12-28 04:49:54');
INSERT INTO `chairstocks` VALUES ('845248df-cb5c-4539-9446-837d46bba7bb', '** NO BRAND **', 'Vision Chair', 'WHITE', 'Green Y-05', 'Green Y-05', 'Mesh ', 'Mesh ', 1, 1, '', 'http://blueoceanblue.com:4000/uploads/stocks/1645074835253-螢幕擷取畫面 2022-02-17 131239.png', 3249, 0, 0, NULL, NULL, 0, '2021-12-19 16:33:15', '2022-02-17 05:13:55');
INSERT INTO `chairstocks` VALUES ('845bfd45-4b79-4d76-bcb7-62cd1770ccf5', '** NO BRAND **', 'Vision Chair', 'WHITE', 'Black Y-01', 'Black Y-01', 'Mesh ', 'Mesh ', 1, 1, '', 'http://blueoceanblue.com:4000/uploads/stocks/1645075258952-螢幕擷取畫面 2022-02-17 131956.png', 3249, 0, 0, NULL, NULL, 0, '2021-12-19 16:33:15', '2022-02-17 05:20:59');
INSERT INTO `chairstocks` VALUES ('84ba64d2-a1de-41ee-9ad2-a33f4f2bd7a7', '** NO BRAND **', 'Ricks Chair (Fully upholstered version)', 'BLACK', '', '', 'Fabric', 'Fabric', 1, 1, '', 'http://blueoceanblue.com:4000/uploads/stocks/1640668328238-143.jpg', 2450, 0, 0, NULL, NULL, 0, '2021-12-19 16:33:15', '2021-12-28 05:12:08');
INSERT INTO `chairstocks` VALUES ('859b6ee2-8712-4caf-b0ad-2e0049df4295', 'Nightingale', 'IC2 UFST', 'BLACK', 'BLACK', 'Brownie #295', 'Mesh', 'Leather', 1, 1, '', 'http://blueoceanblue.com:4000/uploads/stocks/1644482275151-螢幕擷取畫面 2022-02-10 163743.png', 8499, 0, 0, NULL, NULL, 0, '2021-12-19 16:33:15', '2022-02-10 08:37:55');
INSERT INTO `chairstocks` VALUES ('85f25453-58f9-418b-90b1-bb38fdb7c85f', 'Ergohuman', 'IOO', 'BLACK', 'Black KMD-31', 'Black KMD-31', 'Mesh ', 'Mesh ', 1, 1, '', 'http://blueoceanblue.com:4000/uploads/stocks/1644567272761-IOO KMD-31.jpg', 5100, 0, 0, NULL, NULL, 0, '2021-12-19 16:33:15', '2022-02-11 08:14:32');
INSERT INTO `chairstocks` VALUES ('87f832b8-8563-42f6-88ef-79a922a03e7d', 'Nightingale', 'NLC HB Full Leather version with flip up arms', 'BLACK', 'Brownie #295', 'Brownie #295', 'Leather', 'Leather', 1, 0, '', 'http://blueoceanblue.com:4000/uploads/stocks/1644487999965-Nightingale_NLC HB Full Leather version with flip up arms_brownie.png', 10000, 0, 0, NULL, NULL, 0, '2021-12-19 16:33:15', '2022-02-10 10:13:20');
INSERT INTO `chairstocks` VALUES ('8857fb2c-e34a-4764-b874-ebe17fa05e4e', 'Duorest ', 'D2', 'WHITE', 'Ash Red', 'Ash Red', 'Fabric', 'Fabric', 0, 0, '', '', 4900, 0, 0, NULL, NULL, 0, '2021-12-19 16:33:15', '2021-12-19 16:33:15');
INSERT INTO `chairstocks` VALUES ('88a969ac-e497-48f9-85d8-8d58ad0c33d5', 'Ergohuman', 'Plus Deluxe', 'GREY', 'Bright Red KMD-32', 'Bright Red KMD-32', 'Mesh ', 'Mesh ', 1, 1, '', '', 6200, 0, 0, NULL, NULL, 0, '2021-12-19 16:33:15', '2021-12-24 08:51:59');
INSERT INTO `chairstocks` VALUES ('88afe2e6-d693-4cf9-8173-fe83c5be323d', 'Nightingale', 'IC2 UFST', 'BLACK', 'BLACK', 'Clay #435', 'Mesh', 'Leather', 1, 1, '', 'http://blueoceanblue.com:4000/uploads/stocks/1644482325680-螢幕擷取畫面 2022-02-10 163834.png', 8499, 0, 0, NULL, NULL, 0, '2021-12-19 16:33:15', '2022-02-10 08:38:45');
INSERT INTO `chairstocks` VALUES ('893c4812-ff50-4aa0-b555-29bc10cf7894', 'Ergohuman', 'IOO', 'WHITE', 'White KMD-36', 'White KMD-36', 'Mesh ', 'Mesh ', 1, 1, '', 'http://blueoceanblue.com:4000/uploads/stocks/1644566582631-IOO KMD-36 WH.jpg', 5100, 0, 0, NULL, NULL, 0, '2021-12-19 16:33:15', '2022-02-11 08:03:02');
INSERT INTO `chairstocks` VALUES ('8a8265fc-d4fd-461c-a69b-b3e3c332a55c', 'Duorest ', 'D2A', 'WHITE', 'Eco Blue', 'Eco Blue', 'Fabric', 'Fabric', 1, 1, '', 'http://blueoceanblue.com:4000/uploads/stocks/1640334569037-D2A Blue.jpg', 5300, 0, 0, NULL, NULL, 0, '2021-12-19 16:33:15', '2021-12-24 08:29:29');
INSERT INTO `chairstocks` VALUES ('8ad2a019-446a-425e-a4da-09d1c13e777f', 'Ergohuman', 'IOO', 'BLACK', 'Bright Red KMD-32', 'Bright Red KMD-32', 'Mesh ', 'Mesh ', 1, 1, '', 'http://blueoceanblue.com:4000/uploads/stocks/1644567231760-IOO KMD-32.jpg', 5100, 0, 0, NULL, NULL, 0, '2021-12-19 16:33:15', '2022-02-11 08:13:51');
INSERT INTO `chairstocks` VALUES ('8bb08045-f37e-42da-a489-9555e3409d69', 'Wagner', 'W3 Stool', 'Black', 'N/A', 'Orange', 'N/A', 'Fabric', 0, 0, '', 'http://blueoceanblue.com:4000/uploads/stocks/1640336842892-Wagner_W3-3D-Hocker_498x498-ID1907589-9eab2f728250aad2e2fb8b88022f8624.jpg', 4099, 0, 0, NULL, NULL, 0, '2021-12-19 16:33:15', '2021-12-24 09:07:23');
INSERT INTO `chairstocks` VALUES ('8c002294-db3e-4ee7-bce2-ecd24ed61440', 'Nightingale', 'NLC HB Full Leather version with flip up arms', 'BLACK', 'Ginger #375', 'Ginger #375', 'Leather', 'Leather', 1, 0, '', 'http://blueoceanblue.com:4000/uploads/stocks/1644488460610-螢幕擷取畫面 2022-02-10 181913.png', 10000, 0, 0, NULL, NULL, 0, '2021-12-19 16:33:15', '2022-02-10 10:21:00');
INSERT INTO `chairstocks` VALUES ('8c0c2d1b-663e-4b0d-a5d8-a408de985808', 'Okamura ', 'Slyphy with headrest (Mesh Back Upholstered Seat)', 'BLACK ', '', '', 'Mesh', 'Fabric', 1, 1, '', 'http://blueoceanblue.com:4000/uploads/stocks/1640669349660-t02-b01-s01-h02-l01-a01-k01-m01-FMR3_1.jpg', 8500, 0, 0, NULL, NULL, 0, '2021-12-19 16:33:15', '2021-12-28 05:29:09');
INSERT INTO `chairstocks` VALUES ('8c665a79-1db8-4849-b4a8-16cdf5821f09', 'Nightingale', 'CXO 6200D', 'Dark Grey', 'Silver', 'Lemon BEE018', 'Mesh', 'Fabric', 1, 1, '', 'http://blueoceanblue.com:4000/uploads/stocks/1644385258444-螢幕擷取畫面 2022-02-09 134041.png', 9000, 0, 0, NULL, NULL, 0, '2021-12-19 16:33:15', '2022-02-09 05:40:58');
INSERT INTO `chairstocks` VALUES ('8d6e911f-41d3-4419-aa90-b467cb824b06', 'Nightingale', 'IC2 UFST', 'BLACK', 'BLACK', 'Sand 2196', 'Mesh', 'Fabric', 1, 1, '', 'http://blueoceanblue.com:4000/uploads/stocks/1644483890685-螢幕擷取畫面 2022-02-10 170437.png', 8099, 0, 0, NULL, NULL, 0, '2021-12-19 16:33:15', '2022-02-10 09:04:50');
INSERT INTO `chairstocks` VALUES ('8e3a036c-1c1a-4f76-b498-6f26f510c5df', '** NO BRAND **', 'Uni Chair (without headrest)', 'BLACK', 'Green Y-05', 'Green Y-05', 'Mesh ', 'Mesh ', 0, 1, '', '', 2699, 0, 0, NULL, NULL, 0, '2021-12-19 16:33:15', '2021-12-28 04:45:35');
INSERT INTO `chairstocks` VALUES ('8f4871ac-a837-4fc3-b739-21c8611f66e8', 'Nightingale', 'CXO 6200D', 'Dark Grey', 'Silver', 'Lapis BEE016', 'Mesh', 'Fabric', 1, 1, '', 'http://blueoceanblue.com:4000/uploads/stocks/1644385292707-螢幕擷取畫面 2022-02-09 134121.png', 9000, 0, 0, NULL, NULL, 0, '2021-12-19 16:33:15', '2022-02-09 05:41:32');
INSERT INTO `chairstocks` VALUES ('8fe9c173-dc8c-4e9a-a12f-def0f3ec6f8b', 'Duorest ', 'D2', 'Black', 'Ash Black', 'Ash Black', 'Fabric', 'Fabric', 1, 1, '', 'http://blueoceanblue.com:4000/uploads/stocks/1640330530077-D2 ASH BLACK BLK.jpg', 4900, 0, 0, NULL, NULL, 0, '2021-12-19 16:33:15', '2022-01-27 04:14:42');
INSERT INTO `chairstocks` VALUES ('90446bb0-3408-43ba-8c5d-0c8ffcc1ef2b', 'Sidiz ', 'T50 Air', 'BLACK', 'Black', 'Grey 2D1B', 'Mesh', 'Fabric', 0, 0, '', '', 3899, 0, 0, NULL, NULL, 0, '2021-12-19 16:33:15', '2021-12-19 16:33:15');
INSERT INTO `chairstocks` VALUES ('90608096-6ec8-45f8-a912-cdd89be5d862', 'Duorest ', 'A50H', 'Black', 'Black', 'Black', 'Fabric', 'Fabric', 1, 1, '', 'http://blueoceanblue.com:4000/uploads/stocks/1640333666098-A50-BK-600x600.png', 5100, 0, 0, NULL, NULL, 0, '2021-12-19 16:33:15', '2021-12-24 08:14:26');
INSERT INTO `chairstocks` VALUES ('9120970c-9f75-498d-8178-34b5bc5b3cf2', 'Nightingale', 'CXO6200D Heavy Duty', 'Dark Grey', 'Black', 'Concord BEE015', 'Mesh', 'Fabric', 1, 1, '', 'http://blueoceanblue.com:4000/uploads/stocks/1644401023301-螢幕擷取畫面 2022-02-09 180331.png', 11500, 0, 0, NULL, NULL, 0, '2021-12-19 16:33:15', '2022-02-09 10:03:43');
INSERT INTO `chairstocks` VALUES ('919216f0-25fb-4d20-9b35-d8418342538a', 'Ergohuman', 'IOO', 'BLACK', 'Bright Grey KMD-30', 'Bright Grey KMD-30', 'Mesh ', 'Mesh ', 1, 1, '', 'http://blueoceanblue.com:4000/uploads/stocks/1644564124249-IOO KMD-030.jpg', 5100, 0, 0, NULL, NULL, 0, '2021-12-19 16:33:15', '2022-02-11 07:22:04');
INSERT INTO `chairstocks` VALUES ('91e7e841-3b39-4b77-81d8-40c7bedad0ee', 'Nightingale', 'IC2 UFST', 'BLACK', 'BLACK', 'Burgundy #475', 'Mesh', 'Leather', 1, 1, '', 'http://blueoceanblue.com:4000/uploads/stocks/1644484580561-螢幕擷取畫面 2022-02-10 171558.png', 8499, 0, 0, NULL, NULL, 0, '2021-12-19 16:33:15', '2022-02-10 09:16:20');
INSERT INTO `chairstocks` VALUES ('91fd2f3e-60fd-4e12-b89b-3bd163b191cf', 'Ergohuman', 'Plus Deluxe', 'BLACK', '', '', 'Leather', 'Leather', 1, 1, '', '', 6800, 0, 0, NULL, NULL, 0, '2021-12-19 16:33:15', '2021-12-24 08:49:52');
INSERT INTO `chairstocks` VALUES ('9231a749-f299-4d2c-85a8-dc22b9dc6df0', 'Nightingale', 'CXO 6200D', 'Dark Grey', 'Silver', 'Pear BEE05', 'Mesh', 'Fabric', 1, 1, '', 'http://blueoceanblue.com:4000/uploads/stocks/1644385328699-螢幕擷取畫面 2022-02-09 134156.png', 9000, 0, 0, NULL, NULL, 0, '2021-12-19 16:33:15', '2022-02-09 05:42:08');
INSERT INTO `chairstocks` VALUES ('92ad8be6-024c-4e05-a605-cf3a4717007b', 'Duorest ', 'A80H', 'Black', 'Blue', 'Blue', 'Fabric', 'Mesh', 1, 1, '', 'http://blueoceanblue.com:4000/uploads/stocks/1640334320290-A80 Blue.jpg', 5500, 0, 0, NULL, NULL, 0, '2021-12-19 16:33:15', '2021-12-24 08:25:20');
INSERT INTO `chairstocks` VALUES ('92c2ac83-8ab4-472e-889a-6a10c521751b', 'Okamura ', 'Contessa w/o headrests (Full Mesh Version)', 'BLACK ', '', '', 'Mesh', 'Mesh', 0, 1, '', 'http://blueoceanblue.com:4000/uploads/stocks/1640183585784-t02-f03-b01-s01-r03-h02-l01-a01-k01-FPG2_1.jpg', 10000, 0, 0, NULL, NULL, 0, '2021-12-19 16:33:15', '2021-12-22 14:33:05');
INSERT INTO `chairstocks` VALUES ('93af9c90-b831-4759-a1e6-624ace826c24', 'Sidiz ', 'T80', 'WHITE', 'Beige 451', 'Beige 451', 'Fabric', 'Fabric', 1, 1, '', 'http://blueoceanblue.com:4000/uploads/stocks/1640338417638-F1510913213943MKMYYURZGWS.png', 6100, 0, 0, NULL, NULL, 0, '2021-12-19 16:33:15', '2021-12-24 09:33:37');
INSERT INTO `chairstocks` VALUES ('94d1a604-173d-4ff4-ab8a-f5fab48dee59', 'Sidiz ', 'T25', 'BLACK', 'Black', 'Navy A444A', 'Mesh', 'PU', 0, 0, '', '', 3400, 0, 0, NULL, NULL, 0, '2021-12-19 16:33:15', '2021-12-19 16:33:15');
INSERT INTO `chairstocks` VALUES ('94e4e818-ca3e-436a-9222-f0f2da3121f8', 'Duorest ', 'D2', 'WHITE', 'D2 Green', 'D2 Green', 'Fabric', 'Fabric', 1, 1, '', 'http://blueoceanblue.com:4000/uploads/stocks/1640332796931-D2 Green.jpg', 4900, 0, 0, NULL, NULL, 0, '2021-12-19 16:33:15', '2021-12-24 07:59:57');
INSERT INTO `chairstocks` VALUES ('94fc5892-e60f-491f-acc7-242963a533e7', 'Nightingale', 'NLC HB Full Leather version with flip up arms', 'BLACK', 'Poppy #430', 'Poppy #430', 'Leather', 'Leather', 1, 0, '', 'http://blueoceanblue.com:4000/uploads/stocks/1644488449081-Nightingale_NLC HB Full Leather version with flip up arms_poppy.png', 10000, 0, 0, NULL, NULL, 0, '2021-12-19 16:33:15', '2022-02-10 10:20:49');
INSERT INTO `chairstocks` VALUES ('96f34b37-3fff-40b4-9a6b-c3c402e97f8c', 'Nightingale', 'IC2 Full Leather', 'BLACK', 'Black #176', 'Black #176', 'Leather', 'Leather', 0, 0, '', 'http://blueoceanblue.com:4000/uploads/stocks/1644490697876-螢幕擷取畫面 2022-02-10 185800.png', 9099, 0, 0, NULL, NULL, 0, '2021-12-19 16:33:15', '2022-02-10 10:58:18');
INSERT INTO `chairstocks` VALUES ('97b71c49-4865-4e58-8128-1b858fbbf1e0', 'Sidiz ', 'T25 (Flex Back)', 'BLACK', 'Black', 'Black A446', 'Plastic', 'PU', 0, 0, '', '', 3400, 0, 0, NULL, NULL, 0, '2021-12-19 16:33:15', '2021-12-19 16:33:15');
INSERT INTO `chairstocks` VALUES ('97f15664-3977-44bd-b88e-b5c0362af575', 'Nightingale', 'CXO L6200D Full Leather', 'Dark Grey', 'Clay #435', 'Clay #435', 'Leather', 'Leather', 1, 1, '', 'http://blueoceanblue.com:4000/uploads/stocks/1644489413512-螢幕擷取畫面 2022-02-10 183644.png', 11500, 0, 0, NULL, NULL, 0, '2021-12-19 16:33:15', '2022-02-10 10:36:53');
INSERT INTO `chairstocks` VALUES ('996e50dc-68fb-40a9-b705-135e33de799b', 'Ergohuman', 'IOO', 'BLACK', 'Burgundy KMD-37', 'Burgundy KMD-37', 'Mesh ', 'Mesh ', 1, 1, '', 'http://blueoceanblue.com:4000/uploads/stocks/1644567082180-IOO KMD-37.jpg', 5100, 0, 0, NULL, NULL, 0, '2021-12-19 16:33:15', '2022-02-11 08:11:22');
INSERT INTO `chairstocks` VALUES ('99b8318b-b839-4a83-80d0-49e0680e6fa8', 'Duorest ', 'D2', 'Black', 'D2 Green', 'D2 Green', 'Fabric', 'Fabric', 1, 1, '', 'http://blueoceanblue.com:4000/uploads/stocks/1640333090209-D2 Green BLK.jpg', 4900, 0, 0, NULL, NULL, 0, '2021-12-19 16:33:15', '2021-12-24 08:04:50');
INSERT INTO `chairstocks` VALUES ('99d1c6d7-951e-4efe-a0ea-1ee5d8644799', 'Nightingale', 'IC2 UFST', 'BLACK', 'BLACK', 'Cobblestone #440', 'Mesh', 'Leather', 1, 1, '', 'http://blueoceanblue.com:4000/uploads/stocks/1644482556562-螢幕擷取畫面 2022-02-10 164220.png', 8499, 0, 0, NULL, NULL, 0, '2021-12-19 16:33:15', '2022-02-10 08:42:36');
INSERT INTO `chairstocks` VALUES ('9bbddca4-5283-49dd-852c-b5184808132e', 'Okamura ', 'Cynara Regular Color (Armless -Soft Hollow Casters)', 'N/A', '', '', 'Mesh', 'Mesh', 0, 0, '', 'http://blueoceanblue.com:4000/uploads/stocks/1640183221857-sku-667685.jpg', 5000, 0, 0, NULL, NULL, 0, '2021-12-19 16:33:15', '2021-12-22 14:27:02');
INSERT INTO `chairstocks` VALUES ('9ce17a95-5ac7-49fa-a62f-3b32ca5dfb78', 'Sidiz ', 'T50', 'WHITE', 'Grey', 'Green 457M', 'Mesh', 'Fabric', 1, 1, '', 'http://blueoceanblue.com:4000/uploads/stocks/1640338153151-F1501204168444QBHKPCCRTEQ.png', 4300, 0, 0, NULL, NULL, 0, '2021-12-19 16:33:15', '2021-12-24 09:29:13');
INSERT INTO `chairstocks` VALUES ('9e6dc1c1-6f12-496b-af52-279c38889e09', 'Duorest ', 'D2A', 'WHITE', 'Eco Red', 'Eco Red', 'Fabric', 'Fabric', 1, 1, '', 'http://blueoceanblue.com:4000/uploads/stocks/1640334576282-D2A Red.jpg', 5300, 0, 0, NULL, NULL, 0, '2021-12-19 16:33:15', '2021-12-24 08:29:36');
INSERT INTO `chairstocks` VALUES ('a09c400a-fdc2-488c-bd9a-8fa213400a22', '** NO BRAND **', 'Groom Guest Chair (Armless Half Leather version)', 'N/A', '', '', 'Leather', 'Leather', 0, 0, '', 'http://blueoceanblue.com:4000/uploads/stocks/1640668422642-Armless Groom.jpg', 2999, 0, 0, NULL, NULL, 0, '2021-12-19 16:33:15', '2021-12-28 05:13:42');
INSERT INTO `chairstocks` VALUES ('a0d5a570-1c15-4426-a044-ad49d977184d', 'Nightingale', 'IC2 Full Leather', 'BLACK', 'Bone #450', 'Bone #450', 'Leather', 'Leather', 0, 0, '', 'http://blueoceanblue.com:4000/uploads/stocks/1644490926194-螢幕擷取畫面 2022-02-10 190039.png', 9099, 0, 0, NULL, NULL, 0, '2021-12-19 16:33:15', '2022-02-10 11:02:06');
INSERT INTO `chairstocks` VALUES ('a123335d-3547-4974-8fb1-4016d523db52', 'Nightingale', 'IC2 UFST', 'BLACK', 'BLACK', 'Steel #296', 'Mesh', 'Leather', 1, 1, '', 'http://blueoceanblue.com:4000/uploads/stocks/1644482387333-螢幕擷取畫面 2022-02-10 163934.png', 8499, 0, 0, NULL, NULL, 0, '2021-12-19 16:33:15', '2022-02-10 08:39:47');
INSERT INTO `chairstocks` VALUES ('a1c68df2-379d-415d-ad62-bfb3b4b32e58', 'Okamura ', 'Legender Extra High Back (open arms stitching on peforated leather)', 'N/A', '', '', 'Leather', 'Leather', 1, 0, '', 'http://blueoceanblue.com:4000/uploads/stocks/1640669515619-sku-395022.jpg', 35900, 0, 0, NULL, NULL, 0, '2021-12-19 16:33:15', '2021-12-28 05:31:55');
INSERT INTO `chairstocks` VALUES ('a242712d-8f1d-4654-8645-a015fcef56ec', 'Wagner', 'Alumedic Ltd S', 'Black', 'Brown ', 'Brown ', 'Leather', 'Leather', 1, 1, '', 'http://blueoceanblue.com:4000/uploads/stocks/1640337163570-Alumedic ltd S brown leather.jpg', 13799, 0, 0, NULL, NULL, 0, '2021-12-19 16:33:15', '2022-01-26 07:35:09');
INSERT INTO `chairstocks` VALUES ('a269fd1b-1adf-4598-91ec-0d050520d3d7', '** NO BRAND **', 'Vision Chair', 'BLACK', 'Green Y-05', 'Green Y-05', 'Mesh ', 'Mesh ', 1, 1, '', 'http://blueoceanblue.com:4000/uploads/stocks/1645075419661-螢幕擷取畫面 2022-02-17 132256.png', 2999, 0, 0, NULL, NULL, 0, '2021-12-19 16:33:15', '2022-02-17 05:23:39');
INSERT INTO `chairstocks` VALUES ('a3858d2e-3f65-4b64-aba5-834bd99b0ed0', '** NO BRAND **', 'Brad Office Chair with headrest', 'WHITE', '', '', 'Mesh ', 'Fabric', 1, 1, '', '', 3000, 0, 0, NULL, NULL, 0, '2021-12-19 16:33:15', '2021-12-28 04:51:00');
INSERT INTO `chairstocks` VALUES ('a4a0361d-702f-42ff-a44e-d40d370d6ad3', 'Nightingale', 'CXO 6200D', 'Dark Grey', 'Silver', 'Concord BEE015', 'Mesh', 'Fabric', 1, 1, '', 'http://blueoceanblue.com:4000/uploads/stocks/1644385366914-螢幕擷取畫面 2022-02-09 134235.png', 9000, 0, 0, NULL, NULL, 0, '2021-12-19 16:33:15', '2022-02-09 05:42:47');
INSERT INTO `chairstocks` VALUES ('a5cc1d9f-29e5-416b-9324-f25eb570b3b7', 'Ergohuman', 'Plus Deluxe', 'GREY', 'Black KMD-31', 'Black KMD-31', 'Mesh ', 'Mesh ', 1, 1, '', '', 6200, 0, 0, NULL, NULL, 0, '2021-12-19 16:33:15', '2021-12-24 08:52:04');
INSERT INTO `chairstocks` VALUES ('a679c699-1442-416f-a707-a4c68a31773c', 'Duorest ', 'D2', 'Black', 'Ash Red', 'Ash Red', 'Fabric', 'Fabric', 1, 1, '', '', 4900, 0, 0, NULL, NULL, 0, '2021-12-19 16:33:15', '2022-01-07 10:55:52');
INSERT INTO `chairstocks` VALUES ('a76adc99-3323-46a1-9579-8adf2c9331c5', '** NO BRAND **', 'MO Chair Regular Version ', 'BLACK', 'Black H-01', 'Black H-01', 'Mesh ', 'Mesh ', 1, 1, '', 'http://blueoceanblue.com:4000/uploads/stocks/1645073181703-螢幕擷取畫面 2022-02-17 124006.png', 4249, 0, 0, NULL, NULL, 0, '2021-12-19 16:33:15', '2022-02-17 04:46:21');
INSERT INTO `chairstocks` VALUES ('a8b6249d-2e55-4a29-8159-888a4bdb4dcc', 'Wagner', 'Alumedic 10', 'Black', 'Orange', 'Orange', 'Mesh ', 'Fabric', 1, 1, '', 'http://blueoceanblue.com:4000/uploads/stocks/1640336433300-Alumedic 10 Orange.jpg', 8200, 0, 0, NULL, NULL, 0, '2021-12-19 16:33:15', '2021-12-24 09:00:33');
INSERT INTO `chairstocks` VALUES ('a8c1d27f-477e-4bdc-8f53-6d9d690e0434', 'Sidiz ', 'T50', 'WHITE', 'Grey', 'Grey 451L', 'Mesh', 'Fabric', 1, 1, '', 'http://blueoceanblue.com:4000/uploads/stocks/1640338170357-F1501204397979NETNDQVXARE.png', 4300, 0, 0, NULL, NULL, 0, '2021-12-19 16:33:15', '2022-01-31 12:46:53');
INSERT INTO `chairstocks` VALUES ('a8e26c72-cbc9-433c-b3fb-5d6d7804d6b7', 'Nightingale', 'IC2 UFST', 'BLACK', 'BLACK', 'Mediterranean #455', 'Mesh', 'Leather', 1, 1, '', 'http://blueoceanblue.com:4000/uploads/stocks/1644482513265-螢幕擷取畫面 2022-02-10 164140.png', 8499, 0, 0, NULL, NULL, 0, '2021-12-19 16:33:15', '2022-02-10 08:41:53');
INSERT INTO `chairstocks` VALUES ('a8f67a16-fe55-4fcf-a449-a653e1b515b8', 'Wagner', 'Alumedic 10', 'Black', 'Yellow', 'Yellow', 'Mesh ', 'Fabric', 1, 1, '', 'http://blueoceanblue.com:4000/uploads/stocks/1640336791922-Alumedic 10 Yellow.jpg', 8200, 0, 0, NULL, NULL, 0, '2021-12-19 16:33:15', '2021-12-24 09:06:32');
INSERT INTO `chairstocks` VALUES ('aa4e84cf-63ca-4229-9725-d867df614724', 'Nightingale', 'CXO 6200D UFST', 'Dark Grey', 'Silver', 'Black #176', 'Mesh', 'Leather', 1, 1, '', 'http://blueoceanblue.com:4000/uploads/stocks/1645004189774-Nightingale_CXO 6200D UFST_176.png', 10900, 0, 0, NULL, NULL, 0, '2021-12-19 16:33:15', '2022-02-16 09:36:30');
INSERT INTO `chairstocks` VALUES ('aa92bafa-3a73-4eb2-bdb3-71ff549e8a15', 'Duorest ', 'A80H', 'Black', 'Green', 'Green', 'Fabric', 'Mesh', 1, 1, '', 'http://blueoceanblue.com:4000/uploads/stocks/1640334339098-A-80H-5MGN1-FRONT-570x570-1.png', 5500, 0, 0, NULL, NULL, 0, '2021-12-19 16:33:15', '2021-12-24 08:25:39');
INSERT INTO `chairstocks` VALUES ('aade5742-4b91-4faa-99bc-aad9ef301479', 'Nightingale', 'IC2 UFST', 'BLACK', 'BLACK', 'Java 2242', 'Mesh', 'Fabric', 1, 1, '', 'http://blueoceanblue.com:4000/uploads/stocks/1644483955638-螢幕擷取畫面 2022-02-10 170519.png', 8099, 0, 0, NULL, NULL, 0, '2021-12-19 16:33:15', '2022-02-10 09:05:55');
INSERT INTO `chairstocks` VALUES ('ab5be498-9452-4665-88cc-768b61cf00fe', 'Duorest ', 'D2A', 'WHITE', 'Eco Beige', 'Eco Beige', 'Fabric', 'Fabric', 1, 1, '', 'http://blueoceanblue.com:4000/uploads/stocks/1640334627717-D2A Beige.jpg', 5300, 0, 0, NULL, NULL, 0, '2021-12-19 16:33:15', '2022-02-19 07:42:04');
INSERT INTO `chairstocks` VALUES ('ac54844c-c73f-4aff-97fe-de7d48072cb2', 'Nightingale', 'CXO 6200D UFST', 'Dark Grey', 'Silver', 'Swan White #456', 'Mesh', 'Leather', 1, 1, '', 'http://blueoceanblue.com:4000/uploads/stocks/1645003818481-Nightingale_CXO 6200D UFST_456.png', 10900, 0, 0, NULL, NULL, 0, '2021-12-19 16:33:15', '2022-02-16 09:30:18');
INSERT INTO `chairstocks` VALUES ('ae103951-aadf-4d16-afe2-63503055a640', 'Nightingale', 'IC2 Full Leather', 'BLACK', 'Ginger #375', 'Ginger #375', 'Leather', 'Leather', 0, 0, '', 'http://blueoceanblue.com:4000/uploads/stocks/1645003362829-螢幕擷取畫面 2022-02-16 172218.png', 9099, 0, 0, NULL, NULL, 0, '2021-12-19 16:33:15', '2022-02-16 09:22:42');
INSERT INTO `chairstocks` VALUES ('ae142e89-0f9f-4019-8188-4764d00ea850', 'Nightingale', 'IC2 Full Leather', 'BLACK', 'Poppy #430', 'Poppy #430', 'Leather', 'Leather', 0, 0, '', 'http://blueoceanblue.com:4000/uploads/stocks/1644490894218-螢幕擷取畫面 2022-02-10 185952.png', 9099, 0, 0, NULL, NULL, 0, '2021-12-19 16:33:15', '2022-02-10 11:01:34');
INSERT INTO `chairstocks` VALUES ('af55d7f0-27c0-423a-83f6-90dd8a4a5dbf', '** NO BRAND **', 'MO Chair Regular Version ', 'BLACK', 'White H-06', 'White H-06', 'Mesh ', 'Mesh ', 1, 1, '', 'http://blueoceanblue.com:4000/uploads/stocks/1645073189188-螢幕擷取畫面 2022-02-17 124557.png', 4249, 0, 0, NULL, NULL, 0, '2021-12-19 16:33:15', '2022-02-17 04:46:29');
INSERT INTO `chairstocks` VALUES ('af64c2be-5fa3-4f93-95b6-34a66268d090', 'Sidiz ', 'T25', 'BLACK', 'Black', 'Charcoal A441', 'Mesh', 'PU', 0, 0, '', '', 3400, 0, 0, NULL, NULL, 0, '2021-12-19 16:33:15', '2021-12-19 16:33:15');
INSERT INTO `chairstocks` VALUES ('afcb7a61-116d-43ee-8ae9-a58706f3f0bd', '** NO BRAND **', 'Vision Chair', 'WHITE', 'Pink Y-08', 'Pink Y-08', 'Mesh ', 'Mesh ', 1, 1, '', 'http://blueoceanblue.com:4000/uploads/stocks/1645074851287-螢幕擷取畫面 2022-02-17 130952.png', 3249, 0, 0, NULL, NULL, 0, '2021-12-19 16:33:15', '2022-02-17 05:14:11');
INSERT INTO `chairstocks` VALUES ('b042a2ff-e548-4a6b-8b91-4d766f8927a9', 'Okamura ', 'Contessa with small headrest (Full Mesh Version)', 'SILVER', '', '', 'Mesh', 'Mesh', 1, 1, '', 'http://blueoceanblue.com:4000/uploads/stocks/1640341183156-t01-f02-b01-s01-r02-h02-l01-a01-k01-FPG1_1.jpg', 11200, 0, 0, NULL, NULL, 0, '2021-12-19 16:33:15', '2021-12-24 10:19:43');
INSERT INTO `chairstocks` VALUES ('b05a4bfb-f5d1-480d-8228-14ce2ea16371', '** NO BRAND **', 'MO Chair Basic Version ', 'BLACK', 'Green Y-05', 'Green Y-05', 'Mesh ', 'Mesh ', 1, 1, '', '', 3600, 0, 0, NULL, NULL, 0, '2021-12-19 16:33:15', '2021-12-28 04:48:44');
INSERT INTO `chairstocks` VALUES ('b172e424-98dc-475e-8675-d93d55ffb15e', '** NO BRAND **', 'MO Chair Regular Version', 'WHITE', 'Grey Y-02', 'Grey Y-02', 'Mesh', 'Mesh', 1, 1, '', '', 4499, 0, 0, NULL, NULL, 1, '2022-02-09 08:49:10', '2022-02-09 08:53:39');
INSERT INTO `chairstocks` VALUES ('b24e5415-6d06-470a-a93e-1ff22a8c6004', 'Sidiz ', 'T50 Air', 'BLACK', 'Black', 'Red 2D3B', 'Mesh', 'Fabric', 0, 0, '', '', 3899, 0, 0, NULL, NULL, 0, '2021-12-19 16:33:15', '2021-12-19 16:33:15');
INSERT INTO `chairstocks` VALUES ('b2cb796d-9e0c-4b5d-9f1d-a809d05de689', 'Wagner', 'Alumedic Ltd', 'Black', 'Black', 'Beige', 'Mesh ', 'Leather', 1, 1, '', 'http://blueoceanblue.com:4000/uploads/stocks/1640337065853-Alumedic Ltd Beige.jpg', 10399, 0, 0, NULL, NULL, 0, '2021-12-19 16:33:15', '2021-12-24 09:11:05');
INSERT INTO `chairstocks` VALUES ('b3605736-32f2-4ee8-93ab-ac5fa4cf92a6', 'Wagner', 'Alumedic Ltd', 'Black', 'Black', 'Brown ', 'Mesh ', 'Leather', 1, 1, '', 'http://blueoceanblue.com:4000/uploads/stocks/1640337075818-Alumedic Ltd brown.jpg', 10399, 0, 0, NULL, NULL, 0, '2021-12-19 16:33:15', '2021-12-24 09:11:15');
INSERT INTO `chairstocks` VALUES ('b3a948ba-3f50-4d75-8e42-25722887cb13', 'Sidiz ', 'T25 (Flex Back)', 'WHITE', 'Grey', 'Brown 459L', 'Plastic', 'Fabric', 0, 0, '', '', 3400, 0, 0, NULL, NULL, 0, '2021-12-19 16:33:15', '2021-12-19 16:33:15');
INSERT INTO `chairstocks` VALUES ('b42682b2-eb6b-4c87-8087-f7ee6d459ce0', 'Sidiz ', 'T50', 'BLACK', 'Black', 'Blue 454B', 'Mesh', 'Fabric', 1, 1, '', 'http://blueoceanblue.com:4000/uploads/stocks/1640337856987-F1501201379260FQHJPNLSOOC.png', 4300, 0, 0, NULL, NULL, 0, '2021-12-19 16:33:15', '2021-12-24 09:24:17');
INSERT INTO `chairstocks` VALUES ('b4bd60d4-7922-49ac-b047-02f70218c505', 'Sidiz ', 'T50 Air', 'WHITE', 'Grey', 'Grey 2D1B', 'Mesh', 'Fabric', 1, 1, '', 'http://blueoceanblue.com:4000/uploads/stocks/1640181932401-T50 Grey.jpg', 3899, 1, 1, NULL, NULL, 0, '2021-12-19 16:33:15', '2022-02-04 05:01:49');
INSERT INTO `chairstocks` VALUES ('b534629b-a7c0-4192-a69b-c462bc966041', 'Nightingale', 'CXO 6200D UFST', 'Dark Grey', 'Silver', 'Mediterranean #455', 'Mesh', 'Leather', 1, 1, '', 'http://blueoceanblue.com:4000/uploads/stocks/1645004082101-Nightingale_CXO 6200D UFST_455.png', 10900, 0, 0, NULL, NULL, 0, '2021-12-19 16:33:15', '2022-02-16 09:34:42');
INSERT INTO `chairstocks` VALUES ('b5549844-a3b1-47d2-8195-c572edb16ce7', 'Sidiz ', 'T25', 'WHITE', 'Grey', 'Green 457L', 'Mesh', 'Fabric', 0, 0, '', 'http://blueoceanblue.com:4000/uploads/stocks/1640182164150-T25 Mesh Back WH Frame A457L.png', 3400, 0, 0, NULL, NULL, 0, '2021-12-19 16:33:15', '2022-01-28 08:04:16');
INSERT INTO `chairstocks` VALUES ('b581e7cc-6714-47d7-a858-3cf5a4f510ab', '** NO BRAND **', 'Uni Chair (without headrest)', 'WHITE', 'Blue Y-04', 'Blue Y-04', 'Mesh ', 'Mesh ', 0, 1, '', '', 2949, 0, 0, NULL, NULL, 0, '2021-12-19 16:33:15', '2021-12-28 04:46:00');
INSERT INTO `chairstocks` VALUES ('b5bb59b1-a4e5-4c1f-b15f-da3f7cc4f6cb', 'Okamura ', 'Contessa with large headrest (Full Mesh Version)', 'BLACK ', '', '', 'Mesh', 'Mesh', 1, 1, '', 'http://blueoceanblue.com:4000/uploads/stocks/1640341977486-t01-f03-b01-s01-r01-h02-l01-a01-k01-FPG2_1.jpg', 11500, 0, 0, NULL, NULL, 0, '2021-12-19 16:33:15', '2021-12-24 10:32:57');
INSERT INTO `chairstocks` VALUES ('b625939b-5d20-4dc3-a2dc-460eeada9406', '** NO BRAND **', 'MO Chair Basic Version ', 'WHITE', 'Blue Y-04', 'Blue Y-04', 'Mesh ', 'Mesh ', 1, 1, '', '', 3850, 0, 0, NULL, NULL, 0, '2021-12-19 16:33:15', '2021-12-28 04:49:16');
INSERT INTO `chairstocks` VALUES ('b6371c50-7a9b-418b-9867-a3c946762939', 'Nightingale', 'CXO 6200D UFST', 'Dark Grey', 'Silver', 'Ginger #375', 'Mesh', 'Leather', 1, 1, '', 'http://blueoceanblue.com:4000/uploads/stocks/1645004069337-Nightingale_CXO 6200D UFST_375.png', 10900, 0, 0, NULL, NULL, 0, '2021-12-19 16:33:15', '2022-02-16 09:34:29');
INSERT INTO `chairstocks` VALUES ('b7aa0d80-29e8-4d06-9448-0e76868b9760', '** NO BRAND **', 'Uni Chair (without headrest)', 'BLACK', 'Black Y-01', 'Black Y-01', 'Mesh ', 'Mesh ', 0, 1, '', '', 2699, 0, 0, NULL, NULL, 0, '2021-12-19 16:33:15', '2021-12-28 04:45:40');
INSERT INTO `chairstocks` VALUES ('b7f197c3-6119-450b-b5db-1187f3d8b446', 'Nightingale', 'IC2 UFST', 'BLACK', 'BLACK', 'Navy 2231', 'Mesh', 'Fabric', 1, 1, '', 'http://blueoceanblue.com:4000/uploads/stocks/1644483988792-螢幕擷取畫面 2022-02-10 170618.png', 8099, 0, 0, NULL, NULL, 0, '2021-12-19 16:33:15', '2022-02-10 09:06:28');
INSERT INTO `chairstocks` VALUES ('b85f3741-b06a-4fd2-92e6-a0041fc7ede4', 'Sidiz ', 'T50 Air', 'BLACK', 'Black', 'Black 2D6B', 'Mesh', 'Fabric', 0, 0, '', 'http://blueoceanblue.com:4000/uploads/stocks/1640182013247-Sidiz T50 Air All Black 2.png', 3899, 0, 0, NULL, NULL, 0, '2021-12-19 16:33:15', '2021-12-22 14:06:53');
INSERT INTO `chairstocks` VALUES ('b97907a3-a6ff-4801-bbfb-af2d748d515e', 'Okamura ', 'Legender Extra High Back (closed arms stitching on peforated leather)', 'N/A', '', '', 'Leather', 'Leather', 1, 0, '', 'http://blueoceanblue.com:4000/uploads/stocks/1640669719029-sku-395055.jpg', 38300, 0, 0, NULL, NULL, 0, '2021-12-19 16:33:15', '2021-12-28 05:35:19');
INSERT INTO `chairstocks` VALUES ('ba248931-f001-4977-99f4-fb33b4cc1947', 'Okamura ', 'Legender Extra High Back (closed arms w/stitching)', 'N/A', '', '', 'Leather', 'Leather', 1, 0, '', 'http://blueoceanblue.com:4000/uploads/stocks/1640669736297-sku-395055.jpg', 37800, 0, 0, NULL, NULL, 0, '2021-12-19 16:33:15', '2021-12-28 05:35:36');
INSERT INTO `chairstocks` VALUES ('ba306819-f005-4ec4-9c12-69e9bfc562b8', 'Okamura ', 'Finora with headrest', 'BLACK ', '', '', 'Mesh', 'Mesh', 1, 1, '', 'http://blueoceanblue.com:4000/uploads/stocks/1640669768742-t01-s01-p01-k01-b01-h02-l01-a01-F1E3_1.jpg', 9700, 0, 0, NULL, NULL, 0, '2021-12-19 16:33:15', '2021-12-28 05:36:08');
INSERT INTO `chairstocks` VALUES ('ba4624ef-0ffd-41e8-8ff0-f223fe395561', 'Sidiz ', 'T25', 'WHITE', 'Grey', 'Burnt Orange 458L', 'Mesh', 'Fabric', 0, 0, '', '', 3400, 0, 0, NULL, NULL, 0, '2021-12-19 16:33:15', '2021-12-19 16:33:15');
INSERT INTO `chairstocks` VALUES ('bada541b-404c-4e32-8478-fc6705fa8a8b', 'Herman Miller ', 'Remaster Aeron Size B', 'Graphite', 'Graphite', 'Graphite', 'Mesh', 'Mesh', 0, 1, '(12 years warranty included, covered by POSH OFFICE SYSTEMS (HK) LTD)', 'http://blueoceanblue.com:4000/uploads/stocks/1644372651588-Aeron B.jpg', 11000, 0, 0, NULL, NULL, 0, '2021-12-19 16:33:15', '2022-02-09 02:10:51');
INSERT INTO `chairstocks` VALUES ('bbe2da5a-fd26-4bec-9b8a-e8761cea7e2f', 'Duorest ', 'Rabbit with Footrest and Dualinder', 'WHITE', 'Marine Blue', 'Marine Blue', 'PU', 'PU', 0, 0, '', 'http://blueoceanblue.com:4000/uploads/stocks/1640333533787-RA-070LF-1@2x marine blue.jpg', 3600, 0, 0, NULL, NULL, 0, '2021-12-19 16:33:15', '2021-12-24 08:12:13');
INSERT INTO `chairstocks` VALUES ('bdb87299-ed04-4b6f-ab49-de1f520f343d', 'Nightingale', 'IC2 UFST', 'BLACK', 'BLACK', 'Grape Jelly 2195', 'Mesh', 'Fabric', 1, 1, '', 'http://blueoceanblue.com:4000/uploads/stocks/1644484019545-螢幕擷取畫面 2022-02-10 170648.png', 8099, 0, 0, NULL, NULL, 0, '2021-12-19 16:33:15', '2022-02-10 09:06:59');
INSERT INTO `chairstocks` VALUES ('be7db2ee-72fb-4876-bbc3-9664aff2d5b5', '** NO BRAND **', 'Arthur Executive Chair (High Back Full Leather Version)', 'N/A', 'GREY', 'GREY', 'Leather', 'Leather', 1, 0, '', '', 5550, 0, 0, NULL, NULL, 0, '2021-12-19 16:33:15', '2021-12-28 04:55:29');
INSERT INTO `chairstocks` VALUES ('bec5aede-c3c0-4809-9133-fb82f4a38e57', 'Nightingale', 'CXO L6200D Full Leather', 'Dark Grey', 'Poppy #430', 'Poppy #430', 'Leather', 'Leather', 1, 1, '', 'http://blueoceanblue.com:4000/uploads/stocks/1644489437735-螢幕擷取畫面 2022-02-10 183708.png', 11500, 0, 0, NULL, NULL, 0, '2021-12-19 16:33:15', '2022-02-10 10:37:17');
INSERT INTO `chairstocks` VALUES ('bed2e8a9-f5fd-40bc-878e-be4ea7318cf6', 'Sidiz ', 'T50 Air', 'WHITE', 'Grey', 'Red 2D3B', 'Mesh', 'Fabric', 1, 1, '', 'http://blueoceanblue.com:4000/uploads/stocks/1640182043922-T50 Red.jpg', 3899, 0, 0, NULL, NULL, 0, '2021-12-19 16:33:15', '2021-12-22 14:07:24');
INSERT INTO `chairstocks` VALUES ('bf808d7f-78ba-48e0-828f-e49374488710', 'Duorest ', 'D2', 'Black', 'Ash Grey', 'Ash Grey', 'Fabric', 'Fabric', 1, 1, '', '', 4900, 0, 0, NULL, NULL, 0, '2021-12-19 16:33:15', '2022-01-07 10:55:45');
INSERT INTO `chairstocks` VALUES ('c0407eda-2f14-4e1b-9d46-30501949db1d', 'Nightingale', 'CXO6200D Heavy Duty', 'Dark Grey', 'Black', 'Carnelian BEE019', 'Mesh', 'Fabric', 1, 1, '', 'http://blueoceanblue.com:4000/uploads/stocks/1644401065399-螢幕擷取畫面 2022-02-09 180414.png', 11500, 0, 0, NULL, NULL, 0, '2021-12-19 16:33:15', '2022-02-09 10:04:25');
INSERT INTO `chairstocks` VALUES ('c07b20d1-2d47-4877-b58f-c0fb19105a6e', 'Okamura ', 'Finora w/o headrest', 'BLACK ', '', '', 'Mesh', 'Mesh', 0, 1, '', 'http://blueoceanblue.com:4000/uploads/stocks/1640341823898-t02-s01-p02-k02-b01-h02-l01-a01-F1E1_1.jpg', 7700, 0, 0, NULL, NULL, 0, '2021-12-19 16:33:15', '2021-12-24 10:30:24');
INSERT INTO `chairstocks` VALUES ('c0984eb5-4b73-4eab-bba1-3e90bd6bd143', '** NO BRAND **', 'Arthur Executive Chair (High Back Full Leather Version)', 'N/A', 'BLACK', 'BLACK', 'Leather', 'Leather', 1, 0, '', '', 5550, 0, 0, NULL, NULL, 0, '2021-12-19 16:33:15', '2021-12-28 04:55:15');
INSERT INTO `chairstocks` VALUES ('c099b950-fa1c-4a56-befd-5a1c121a4489', 'Okamura ', 'Contessa with large headrest (Cushion Seat Version)', 'POLISHED', '', '', 'Mesh', 'Fabric', 1, 1, '', 'http://blueoceanblue.com:4000/uploads/stocks/1640183718859-t01-f01-b01-s01-r01-h02-l01-a01-k01-FPG1_1.jpg', 11500, 0, 0, NULL, NULL, 0, '2021-12-19 16:33:15', '2021-12-22 14:35:19');
INSERT INTO `chairstocks` VALUES ('c24e6501-2ac1-43a6-a441-9dc876a5cafb', 'Wagner', 'Titan Ltd S', 'Black', 'Red ', 'Black', 'Leather', 'Leather', 1, 1, '', 'http://blueoceanblue.com:4000/uploads/stocks/1640337138282-Titan Ltd S Black leather.jpg', 16999, 0, 0, NULL, NULL, 0, '2021-12-19 16:33:15', '2021-12-24 09:12:18');
INSERT INTO `chairstocks` VALUES ('c29841ca-19e9-4b45-93fa-a23246eebe30', '** NO BRAND **', 'MO Chair Basic Version ', 'BLACK', 'Pink Y-08', 'Pink Y-08', 'Mesh ', 'Mesh ', 1, 1, '', '', 3600, 0, 0, NULL, NULL, 0, '2021-12-19 16:33:15', '2021-12-28 04:48:48');
INSERT INTO `chairstocks` VALUES ('c43b7a4a-04d3-434a-bbda-905cf19c8323', 'Okamura ', 'Finora with headrest', 'WHITE', '', '', 'Mesh', 'Fabric', 1, 1, '', 'http://blueoceanblue.com:4000/uploads/stocks/1640669950237-t01-s02-p03-k03-b02-h02-l01-a01-F1G1_1.jpg', 9700, 0, 0, NULL, NULL, 0, '2021-12-19 16:33:15', '2021-12-28 05:39:10');
INSERT INTO `chairstocks` VALUES ('c48a5f0d-3932-4dc4-a384-36b5e1a5e1cf', 'Okamura ', 'Finora with headrest', 'POLISHED', '', '', 'Mesh', 'Fabric', 1, 1, '', 'http://blueoceanblue.com:4000/uploads/stocks/1640670035496-t01-s02-p03-k01-b02-h02-l01-a01-F1G6_1.jpg', 9700, 0, 0, NULL, NULL, 0, '2021-12-19 16:33:15', '2021-12-28 05:40:35');
INSERT INTO `chairstocks` VALUES ('c697b0f3-7ceb-4f86-9a88-667e6ed16bb4', 'Duorest ', 'D2', 'WHITE', 'Ash Black', 'Ash Black', 'Fabric', 'Fabric', 1, 1, '', '', 4900, 0, 0, NULL, NULL, 0, '2021-12-19 16:33:15', '2022-02-04 11:03:57');
INSERT INTO `chairstocks` VALUES ('c81e6f7d-dbab-470f-8120-41452983eab7', 'Nightingale', 'NLC HB Full Leather version with flip up arms', 'BLACK', 'Burgundy #475', 'Burgundy #475', 'Leather', 'Leather', 1, 0, '', 'http://blueoceanblue.com:4000/uploads/stocks/1644488683833-螢幕擷取畫面 2022-02-10 182433.png', 10000, 0, 0, NULL, NULL, 0, '2021-12-19 16:33:15', '2022-02-10 10:24:43');
INSERT INTO `chairstocks` VALUES ('c8b528ee-a69e-4bed-a4e5-191fed9b2564', 'Bestuhl', 'S15', 'BLACK', '', '', 'Mesh', 'Mesh', 1, 1, '', 'http://blueoceanblue.com:4000/uploads/stocks/1644391899110-S15G130L_BK_02_LightGray.jpg', 3900, 0, 0, NULL, NULL, 1, '2022-02-09 07:27:51', '2022-02-17 09:33:23');
INSERT INTO `chairstocks` VALUES ('c8b6d43f-2289-4d8f-893f-17aceaeb5095', '** NO BRAND **', 'Ricks Chair (Fully upholstered version)', 'WHITE', '', '', 'Fabric', 'Fabric', 1, 1, '', 'http://blueoceanblue.com:4000/uploads/stocks/1640668186074-VIX-4.jpg', 2450, 0, 0, NULL, NULL, 0, '2021-12-19 16:33:15', '2021-12-28 05:09:46');
INSERT INTO `chairstocks` VALUES ('c9332131-b6ec-464f-9c7f-1b79311a44c9', 'Ergohuman', 'IOO', 'WHITE', 'Bright Green KMD-34', 'Bright Green KMD-34', 'Mesh ', 'Mesh ', 1, 1, '', 'http://blueoceanblue.com:4000/uploads/stocks/1644566519227-IOO KMD-34 WH.jpg', 5100, 0, 0, NULL, NULL, 0, '2021-12-19 16:33:15', '2022-02-11 08:01:59');
INSERT INTO `chairstocks` VALUES ('ca316e26-ed27-4fe6-9609-249cec632e35', 'Nightingale', 'CXO 6200D', 'Dark Grey', 'Black', 'Lemon BEE018', 'Mesh', 'Fabric', 1, 1, '', 'http://blueoceanblue.com:4000/uploads/stocks/1644383739885-螢幕擷取畫面 2022-02-09 131457.png', 9000, 0, 0, NULL, NULL, 0, '2021-12-19 16:33:15', '2022-02-09 05:15:40');
INSERT INTO `chairstocks` VALUES ('ccfedcce-0dff-487d-bcca-8d19bf889b66', 'Duorest ', 'Rabbit with Footrest and Dualinder', 'WHITE', 'Bubble Grey', 'Bubble Grey', 'PU', 'PU', 0, 0, '', 'http://blueoceanblue.com:4000/uploads/stocks/1640333419250-RA-070LDF-2@2x.jpg', 3600, 0, 0, NULL, NULL, 0, '2021-12-19 16:33:15', '2021-12-24 08:10:19');
INSERT INTO `chairstocks` VALUES ('cd292c4f-afa3-47e2-a980-aa0cc53a4778', 'Nightingale', 'IC2 Full Leather', 'BLACK', 'Cobblestone #440', 'Cobblestone #440', 'Leather', 'Leather', 1, 1, '', 'http://blueoceanblue.com:4000/uploads/stocks/1644490943612-螢幕擷取畫面 2022-02-10 190053.png', 9099, 0, 0, NULL, NULL, 0, '2021-12-19 16:33:15', '2022-02-10 11:02:23');
INSERT INTO `chairstocks` VALUES ('ce1ce3a7-3433-426e-b1c1-85255357b01e', 'Duorest ', 'A50H', 'Black', 'Blue', 'Blue', 'Fabric', 'Fabric', 1, 1, '', 'http://blueoceanblue.com:4000/uploads/stocks/1640333703642-A50-BL2.png', 5100, 0, 0, NULL, NULL, 0, '2021-12-19 16:33:15', '2021-12-24 08:15:03');
INSERT INTO `chairstocks` VALUES ('ced411e0-6325-499e-a54b-54159150f26e', 'Nightingale', 'CXO 6200D', 'Dark Grey', 'Black', 'Carnelian BEE019', 'Mesh', 'Fabric', 1, 1, '', 'http://blueoceanblue.com:4000/uploads/stocks/1644383788793-螢幕擷取畫面 2022-02-09 131611.png', 9000, 0, 0, NULL, NULL, 0, '2021-12-19 16:33:15', '2022-02-09 05:16:28');
INSERT INTO `chairstocks` VALUES ('cefd4f5d-684b-4fd7-9f4b-d81383cd015e', 'Ergohuman', 'Plus Deluxe', 'GREY', 'Burgundy KMD-37', 'Burgundy KMD-37', 'Mesh ', 'Mesh ', 1, 1, '', '', 6200, 0, 0, NULL, NULL, 0, '2021-12-19 16:33:15', '2021-12-24 08:52:08');
INSERT INTO `chairstocks` VALUES ('d0798690-7a71-4eae-a687-b9c085f26d25', 'Wagner', 'Titan 20', 'WHITE', 'Black', 'Black', 'Fabric', 'Fabric', 1, 1, '', 'http://blueoceanblue.com:4000/uploads/stocks/1640336160254-Titan 10 black fabric.jpg', 10699, 0, 0, NULL, NULL, 0, '2021-12-19 16:33:15', '2021-12-24 08:56:00');
INSERT INTO `chairstocks` VALUES ('d16af8b2-bd37-4254-8eac-3401ffaef328', 'Ergohuman', 'Plus Deluxe', 'GREY', '', '', 'Leather', 'Leather', 1, 1, '', '', 6800, 0, 0, NULL, NULL, 0, '2021-12-19 16:33:15', '2021-12-24 08:52:13');
INSERT INTO `chairstocks` VALUES ('d3a90a6d-a8a6-4b23-af6e-8d52741a0a5c', '** NO BRAND **', 'MO Chair Regular Version ', 'WHITE', 'Orange H-03', 'Orange H-03', 'Mesh ', 'Mesh ', 1, 1, '', 'http://blueoceanblue.com:4000/uploads/stocks/1645073019455-螢幕擷取畫面 2022-02-17 124330.png', 4499, 0, 0, NULL, NULL, 0, '2021-12-19 16:33:15', '2022-02-17 04:43:39');
INSERT INTO `chairstocks` VALUES ('d45caefc-b69c-4979-ac3d-dce276f9ce87', 'Sidiz ', 'T50', 'WHITE', 'Grey', 'Red 453A', 'Mesh', 'Fabric', 0, 0, '', '', 4300, 0, 0, NULL, NULL, 0, '2021-12-19 16:33:15', '2021-12-19 16:33:15');
INSERT INTO `chairstocks` VALUES ('d4cb8601-67f7-47f3-b40f-44cfcedf5de7', 'Duorest ', 'D2', 'WHITE', 'D2 Orange', 'D2 Orange', 'Fabric', 'Fabric', 1, 1, '', 'http://blueoceanblue.com:4000/uploads/stocks/1640332805932-D2 Orange.jpg', 4900, 0, 0, NULL, NULL, 0, '2021-12-19 16:33:15', '2021-12-24 08:00:06');
INSERT INTO `chairstocks` VALUES ('d5cb969a-dbbf-4073-9c46-7c471d6e5bc2', 'Ergohuman', 'IOO', 'WHITE', 'Bright Grey KMD-30', 'Bright Grey KMD-30', 'Mesh ', 'Mesh ', 1, 1, '', 'http://blueoceanblue.com:4000/uploads/stocks/1644564828412-IOO KMD-030 WH.jpeg', 5100, 0, 0, NULL, NULL, 0, '2021-12-19 16:33:15', '2022-02-11 07:33:48');
INSERT INTO `chairstocks` VALUES ('d78d31b0-a51e-4122-ad0d-98c5f93c0cf0', 'Okamura ', 'Finora w/o headrest', 'POLISHED', '', '', 'Mesh', 'Mesh', 0, 1, '', 'http://blueoceanblue.com:4000/uploads/stocks/1640341864499-t02-s01-p02-k01-b01-h02-l01-a01-F1E6_1.jpg', 7700, 0, 0, NULL, NULL, 0, '2021-12-19 16:33:15', '2021-12-24 10:31:04');
INSERT INTO `chairstocks` VALUES ('d7c0af6b-7465-4683-b07c-2245ad30b1b1', 'Nightingale', 'IC2 UFST', 'BLACK', 'BLACK', 'Magenta 2692', 'Mesh', 'Fabric', 1, 1, '', 'http://blueoceanblue.com:4000/uploads/stocks/1644484053669-螢幕擷取畫面 2022-02-10 170722.png', 8099, 0, 0, NULL, NULL, 0, '2021-12-19 16:33:15', '2022-02-10 09:07:33');
INSERT INTO `chairstocks` VALUES ('d8c6259e-1735-4d48-bc1d-d5f77911c430', 'Sidiz ', 'T50', 'WHITE', 'Grey', 'Orange 458A', 'Mesh', 'Fabric', 1, 1, '', 'http://blueoceanblue.com:4000/uploads/stocks/1640338194599-F1501204064815HLRYTCOEBCP.png', 4300, 0, 0, NULL, NULL, 0, '2021-12-19 16:33:15', '2021-12-24 09:29:54');
INSERT INTO `chairstocks` VALUES ('da0ceb5c-ee2d-4b87-9585-cab23e9ce3bc', 'Nightingale', 'CXO 6200D', 'Dark Grey', 'Silver', 'Java BEE11', 'Mesh', 'Fabric', 1, 1, '', 'http://blueoceanblue.com:4000/uploads/stocks/1644385449318-螢幕擷取畫面 2022-02-09 134235q.png', 9000, 0, 0, NULL, NULL, 0, '2021-12-19 16:33:15', '2022-02-09 05:44:09');
INSERT INTO `chairstocks` VALUES ('da5d0cc0-61f1-4011-bb81-fd5e52f1e110', 'Bestuhl', 'S10', 'BLACK', '', '', 'Mesh', 'Fabric', 1, 1, '', 'http://blueoceanblue.com:4000/uploads/stocks/1644391791673-S10E120L_BK_BK_01_Black.jpg', 3750, 0, 0, NULL, NULL, 1, '2022-02-09 07:26:27', '2022-02-17 09:33:17');
INSERT INTO `chairstocks` VALUES ('dbb0fdbd-3d2e-4667-92a4-38f2b691343d', 'Okamura ', 'Finora with headrest', 'POLISHED', '', '', 'Mesh', 'Mesh', 1, 1, '', 'http://blueoceanblue.com:4000/uploads/stocks/1640670064871-t01-s01-p03-k01-b02-h02-l01-a01-F1E0_1.jpg', 9700, 0, 0, NULL, NULL, 0, '2021-12-19 16:33:15', '2021-12-28 05:41:05');
INSERT INTO `chairstocks` VALUES ('dc47d7ad-28ef-4114-a97c-0b0ff3bb9800', 'Bestuhl', 'S15', 'WHITE', '', '', 'Mesh', 'Mesh', 1, 1, '', 'http://blueoceanblue.com:4000/uploads/stocks/1644391950779-S15G120L_WH_02_MintBlue.jpg', 3900, 0, 0, NULL, NULL, 1, '2022-02-09 07:28:09', '2022-02-09 07:32:30');
INSERT INTO `chairstocks` VALUES ('dc829006-5d2d-4f87-8892-59c5f880de87', 'Sidiz ', 'T50', 'WHITE', 'Grey', 'Black 456', 'Mesh', 'Fabric', 1, 1, '', '', 4300, 0, 0, NULL, NULL, 0, '2021-12-19 16:33:15', '2021-12-24 09:30:10');
INSERT INTO `chairstocks` VALUES ('dcbb9edf-8280-4973-a633-f5a340eb3173', 'Nightingale', 'CXO 6200D', 'Dark Grey', 'Black', 'Gris BEE008', 'Mesh', 'Fabric', 1, 1, '', 'http://blueoceanblue.com:4000/uploads/stocks/1644383860625-螢幕擷取畫面 2022-02-09 131728.png', 9000, 0, 0, NULL, NULL, 0, '2021-12-19 16:33:15', '2022-02-09 05:17:40');
INSERT INTO `chairstocks` VALUES ('dcdeb108-a8b4-428b-aa1e-e022361780ff', 'Ergohuman', 'Plus Deluxe', 'BLACK', 'Bright Grey KMD-30', 'Bright Grey KMD-30', 'Mesh ', 'Mesh ', 1, 1, '', 'http://blueoceanblue.com:4000/uploads/stocks/1644557683687-KMD-30.jpg', 6200, 0, 0, NULL, NULL, 0, '2021-12-19 16:33:15', '2022-02-11 05:34:43');
INSERT INTO `chairstocks` VALUES ('ddb7525f-9316-494c-887b-af13e42a08d9', '** NO BRAND **', 'MO Chair Basic Version ', 'WHITE', 'Orange Y-03 ', 'Orange Y-03 ', 'Mesh ', 'Mesh ', 1, 1, '', '', 3850, 0, 0, NULL, NULL, 0, '2021-12-19 16:33:15', '2021-12-28 04:49:20');
INSERT INTO `chairstocks` VALUES ('de563113-6359-4a1c-ac5a-6b4bab3e756b', '** NO BRAND **', 'Marrit (Full Leather Version)', 'BLACK', 'BLACK', 'BLACK', 'Leather', 'Leather', 1, 1, '', 'http://blueoceanblue.com:4000/uploads/stocks/1640667650478-Marrit Full leather.jpg', 6750, 0, 0, NULL, NULL, 0, '2021-12-19 16:33:15', '2021-12-28 05:00:50');
INSERT INTO `chairstocks` VALUES ('deda7387-b5b7-4923-bd7c-cead1c889bad', 'Nightingale', 'CXO6200D Heavy Duty', 'Dark Grey', 'Black', 'Lemon BEE018', 'Mesh', 'Fabric', 1, 1, '', 'http://blueoceanblue.com:4000/uploads/stocks/1644401099781-螢幕擷取畫面 2022-02-09 180448.png', 11500, 0, 0, NULL, NULL, 0, '2021-12-19 16:33:15', '2022-02-09 10:04:59');
INSERT INTO `chairstocks` VALUES ('df7bef7d-6bb8-4130-bbb7-718d059f15b4', 'Topstar', 'Sitness 20 Stool', 'N/A', '', '', 'N/A', 'Fabric', 0, 0, '', 'http://blueoceanblue.com:4000/uploads/stocks/1640337412096-sitness-20-2.jpg', 2999, 0, 0, NULL, NULL, 0, '2021-12-19 16:33:15', '2021-12-24 09:16:52');
INSERT INTO `chairstocks` VALUES ('dfd10a20-9e2a-4e60-98d2-c35eae28bc9b', 'Wagner', 'Alumedic Ltd', 'Black', 'Black', 'Red ', 'Mesh ', 'Leather', 1, 1, '', 'http://blueoceanblue.com:4000/uploads/stocks/1640337083539-Alumedic Ltd Red leather.jpg', 10399, 0, 0, NULL, NULL, 0, '2021-12-19 16:33:15', '2021-12-24 09:11:23');
INSERT INTO `chairstocks` VALUES ('dffa102f-31c2-435e-ba7c-920f39da1435', 'Ergohuman', 'Plus Deluxe', 'BLACK', 'White KMD-36', 'White KMD-36', 'Mesh ', 'Mesh ', 1, 1, '', 'http://blueoceanblue.com:4000/uploads/stocks/1644557739925-KMD-36.jpg', 6200, 0, 0, NULL, NULL, 0, '2021-12-19 16:33:15', '2022-02-11 05:35:40');
INSERT INTO `chairstocks` VALUES ('dffa9a4d-9f3d-4ed0-8dba-29f132efccc7', 'Nightingale', 'CXO 6200D UFST', 'Dark Grey', 'Silver', 'Clay #435', 'Mesh', 'Leather', 1, 1, '', 'http://blueoceanblue.com:4000/uploads/stocks/1644999299876-Nightingale_CXO 6200D UFST_295.png', 10900, 0, 0, NULL, NULL, 0, '2021-12-19 16:33:15', '2022-02-16 08:15:00');
INSERT INTO `chairstocks` VALUES ('e01644b1-bf0b-4d22-a65a-2fe444264da3', 'Nightingale', 'IC2 UFST', 'BLACK', 'BLACK', 'Bone #450', 'Mesh', 'Leather', 0, 0, '', 'http://blueoceanblue.com:4000/uploads/stocks/1644484204922-螢幕擷取畫面 2022-02-10 170946.png', 8499, 0, 0, NULL, NULL, 0, '2021-12-19 16:33:15', '2022-02-10 09:10:05');
INSERT INTO `chairstocks` VALUES ('e24889a8-7778-4280-ac96-4ae1f6caf54d', 'Sidiz ', 'T25', 'BLACK', 'Black', 'Black A446', 'Mesh', 'PU', 0, 0, '', '', 3400, 0, 0, NULL, NULL, 0, '2021-12-19 16:33:15', '2021-12-19 16:33:15');
INSERT INTO `chairstocks` VALUES ('e2ba8d04-c77f-473b-b2de-09c8c4d01968', '** NO BRAND **', 'Y Chair HB Version (Korea Mesh)', 'WHITE', '', '', 'Mesh ', 'Mesh ', 0, 1, '', '', 3000, 0, 0, NULL, NULL, 0, '2021-12-19 16:33:15', '2021-12-28 04:51:33');
INSERT INTO `chairstocks` VALUES ('e2d9148a-f0de-4e1a-83f6-2e6cda76471b', 'Wagner', 'Alumedic Ltd S', 'Black', 'Black', 'Black', 'Leather', 'Leather', 1, 1, '', 'http://blueoceanblue.com:4000/uploads/stocks/1640337171279-Alumedic Ltd S blk.jpg', 13799, 0, 0, NULL, NULL, 0, '2021-12-19 16:33:15', '2021-12-24 09:12:51');
INSERT INTO `chairstocks` VALUES ('e4334817-cbeb-4789-b07b-782823a38b61', 'Okamura ', 'Lives Work Chair (Low Back Swivel -Twill Fabric)', 'N/A', '', '', 'Fabric', 'Fabric', 0, 0, '', 'http://blueoceanblue.com:4000/uploads/stocks/1640669631735-t02-b02-l03-m03-FLB7_1.jpg', 6700, 0, 0, NULL, NULL, 0, '2021-12-19 16:33:15', '2021-12-28 05:33:51');
INSERT INTO `chairstocks` VALUES ('e4a9bdac-30e5-44de-bbba-d6a6481b0e7b', 'Sidiz ', 'T50', 'BLACK', 'Black', 'Grey 451L', 'Mesh', 'Fabric', 0, 0, '', '', 4300, 0, 0, NULL, NULL, 0, '2021-12-19 16:33:15', '2021-12-19 16:33:15');
INSERT INTO `chairstocks` VALUES ('e4a9e113-ef41-4e24-92f4-bb098dce3289', '** NO BRAND **', 'Vision Chair', 'BLACK', 'Grey Y-02', 'Grey Y-02', 'Mesh ', 'Mesh ', 1, 1, '', 'http://blueoceanblue.com:4000/uploads/stocks/1645074995902-Vision Chair_BK_GREY.png', 2999, 0, 0, NULL, NULL, 0, '2021-12-19 16:33:15', '2022-02-17 05:16:36');
INSERT INTO `chairstocks` VALUES ('e50743c3-7449-4006-85b0-9e330ee94e1d', 'Ergohuman', 'Plus Deluxe', 'GREY', 'Bright Green KMD-34', 'Bright Green KMD-34', 'Mesh ', 'Mesh ', 1, 1, '', '', 6200, 0, 0, NULL, NULL, 0, '2021-12-19 16:33:15', '2021-12-24 08:52:18');
INSERT INTO `chairstocks` VALUES ('e6243867-8cce-4f32-8c78-ed0bfdb1b416', 'Nightingale', 'CXO6200D Heavy Duty', 'Dark Grey', 'Black', 'Black BEE09', 'Mesh', 'Fabric', 1, 1, '', 'http://blueoceanblue.com:4000/uploads/stocks/1644401142917-螢幕擷取畫面 2022-02-09 180531.png', 11500, 0, 0, NULL, NULL, 0, '2021-12-19 16:33:15', '2022-02-09 10:05:43');
INSERT INTO `chairstocks` VALUES ('e6547a81-b69a-49b7-8287-72e2e39d117e', 'Herman Miller ', 'Remaster Aeron Size A', 'Graphite', 'Graphite', 'Graphite', 'Mesh', 'Mesh', 0, 1, '(12 years warranty included, covered by POSH OFFICE SYSTEMS (HK) LTD)', 'http://blueoceanblue.com:4000/uploads/stocks/1644372659550-Aeron A.jpg', 11000, 0, 0, NULL, NULL, 0, '2021-12-19 16:33:15', '2022-02-09 02:10:59');
INSERT INTO `chairstocks` VALUES ('e66eebad-f53c-49fb-8190-a8466bd913aa', '** NO BRAND **', 'MO Chair Regular Version ', 'BLACK', 'Blue H-04', 'Blue H-04', 'Mesh ', 'Mesh ', 1, 1, '', 'http://blueoceanblue.com:4000/uploads/stocks/1645073501196-MO Chair Regular Version_BK_BLUE (2).png', 4249, 0, 0, NULL, NULL, 0, '2021-12-19 16:33:15', '2022-02-17 04:51:41');
INSERT INTO `chairstocks` VALUES ('e6766037-7f55-4bce-828a-29858f6b3e9d', 'Ergohuman', 'IOO', 'WHITE', 'Black KMD-31', 'Black KMD-31', 'Mesh ', 'Mesh ', 1, 1, '', 'http://blueoceanblue.com:4000/uploads/stocks/1644564897229-IOO KMD-31 WH.jpeg', 5100, 0, 0, NULL, NULL, 0, '2021-12-19 16:33:15', '2022-02-11 07:34:57');
INSERT INTO `chairstocks` VALUES ('e7d9b3f9-4354-45f6-a9aa-a22adab61765', 'Okamura ', 'Contessa w/o headrests (Cushion Seat Version)', 'POLISHED', '', '', 'Mesh', 'Fabric', 0, 1, '', 'http://blueoceanblue.com:4000/uploads/stocks/1640342088050-t02-f01-b01-s02-r03-h02-l01-a01-k01-FPD2_1.jpg', 10000, 0, 0, NULL, NULL, 0, '2021-12-19 16:33:15', '2021-12-24 10:34:48');
INSERT INTO `chairstocks` VALUES ('e8593d70-2ecb-40e1-b4a6-87fc573d70d9', 'Nightingale', 'CXO 6200D', 'Dark Grey', 'Black', 'Pear BEE05', 'Mesh', 'Fabric', 1, 1, '', 'http://blueoceanblue.com:4000/uploads/stocks/1644383895369-螢幕擷取畫面 2022-02-09 131804.png', 9000, 0, 0, NULL, NULL, 0, '2021-12-19 16:33:15', '2022-02-09 05:18:15');
INSERT INTO `chairstocks` VALUES ('e8c7de41-9b79-4be0-9284-9342471fbe02', 'Topstar', 'Titan Junior', 'BLACK', '', '', 'Mesh ', 'PU', 0, 0, '', 'http://blueoceanblue.com:4000/uploads/stocks/1640337527458-titan-junior.jpg', 2340, 0, 0, NULL, NULL, 0, '2021-12-19 16:33:15', '2021-12-24 09:18:47');
INSERT INTO `chairstocks` VALUES ('e918e85a-038c-4ee0-9482-3c9523673e45', 'Herman Miller ', 'Remaster Aeron Size C', 'Graphite', 'Graphite', 'Graphite', 'Mesh', 'Mesh', 0, 1, '(12 years warranty included, covered by POSH OFFICE SYSTEMS (HK) LTD)', 'http://blueoceanblue.com:4000/uploads/stocks/1644372667567-Aeron C.jpg', 11000, 0, 0, NULL, NULL, 0, '2021-12-19 16:33:15', '2022-02-09 02:11:07');
INSERT INTO `chairstocks` VALUES ('e92a82e0-9a53-4b52-9758-aa5ce0ad0403', 'Okamura ', 'Lives Work Chair (Low Back Swivel -Leather)', 'N/A', '', '', 'Leather', 'Leather', 0, 0, '', 'http://blueoceanblue.com:4000/uploads/stocks/1640670455216-sku-395435.jpg', 15200, 0, 0, NULL, NULL, 0, '2021-12-19 16:33:15', '2021-12-28 05:47:35');
INSERT INTO `chairstocks` VALUES ('e9660246-5afb-4e62-8528-de7cba2fb903', 'Sidiz ', 'T25 (Flex Back)', 'BLACK', 'Black', 'Brown 459L', 'Plastic', 'Fabric', 0, 0, '', '', 3400, 0, 0, NULL, NULL, 0, '2021-12-19 16:33:15', '2021-12-19 16:33:15');
INSERT INTO `chairstocks` VALUES ('ea10c48c-f234-4267-b771-bd1ec04e7153', 'Ergohuman', 'Plus Deluxe', 'GREY', 'Bright Grey KMD-30', 'Bright Grey KMD-30', 'Mesh ', 'Mesh ', 1, 1, '', '', 6200, 0, 0, NULL, NULL, 0, '2021-12-19 16:33:15', '2021-12-24 08:52:28');
INSERT INTO `chairstocks` VALUES ('ebc746b9-f9e2-4680-b275-0e1e4d99e484', '** NO BRAND **', 'Arthur Executive Chair (High Back Half Leather Version)', 'N/A', 'GREY', 'GREY', 'Leather', 'Leather', 1, 0, '', '', 3650, 0, 0, NULL, NULL, 0, '2021-12-19 16:33:15', '2021-12-28 04:50:11');
INSERT INTO `chairstocks` VALUES ('ebdd6edb-667f-4dd4-9997-4e896a30e012', '** NO BRAND **', 'Vision Chair', 'BLACK', 'Orange Y-03 ', 'Orange Y-03 ', 'Mesh ', 'Mesh ', 1, 1, '', 'http://blueoceanblue.com:4000/uploads/stocks/1645074962781-螢幕擷取畫面 2022-02-17 131158.png', 2999, 0, 0, NULL, NULL, 0, '2021-12-19 16:33:15', '2022-02-17 05:16:02');
INSERT INTO `chairstocks` VALUES ('ec9b87ac-75ce-4d57-a644-8db9c9160def', 'Allseating ', 'You Mid Back', 'BLACK', 'IRON (Black)', 'Midnight Black', 'Mesh', 'Fabric', 0, 1, '', 'http://blueoceanblue.com:4000/uploads/stocks/1640332099027-youmbblackuphalumbase3qweb21.jpg', 8600, 0, 0, NULL, NULL, 0, '2021-12-19 16:33:15', '2021-12-24 07:48:19');
INSERT INTO `chairstocks` VALUES ('ecbc3e1c-f503-456b-9a5f-bfa1cd7138c5', 'Ergohuman', 'IOO', 'WHITE', 'Burgundy KMD-37', 'Burgundy KMD-37', 'Mesh ', 'Mesh ', 1, 1, '', 'http://blueoceanblue.com:4000/uploads/stocks/1644566458714-IOO KMD-37 WH.jpg', 5100, 0, 0, NULL, NULL, 0, '2021-12-19 16:33:15', '2022-02-11 08:00:58');
INSERT INTO `chairstocks` VALUES ('ecc788c8-d9f1-4593-b98d-8a4aaec0a11e', 'Duorest ', 'D2A', 'WHITE', 'Eco Black', 'Eco Black', 'Fabric', 'Fabric', 1, 1, '', 'http://blueoceanblue.com:4000/uploads/stocks/1640334593141-D2A Black.jpg', 5300, 0, 0, NULL, NULL, 0, '2021-12-19 16:33:15', '2021-12-24 08:29:53');
INSERT INTO `chairstocks` VALUES ('ed245654-b81b-4940-814f-78624635d312', 'Wagner', 'Alumedic Ltd S', 'Black', 'Red ', 'Red ', 'Leather', 'Leather', 1, 1, '', 'http://blueoceanblue.com:4000/uploads/stocks/1640337180931-Alumedic Ltd S red.jpg', 13799, 0, 0, NULL, NULL, 0, '2021-12-19 16:33:15', '2021-12-24 09:13:01');
INSERT INTO `chairstocks` VALUES ('edc49076-e80e-4e92-9e49-0e10e200fd0d', 'Duorest ', 'D2A', 'WHITE', 'Eco Grey', 'Eco Grey', 'Fabric', 'Fabric', 1, 1, '', 'http://blueoceanblue.com:4000/uploads/stocks/1640330796378-D2A GREY.jpg', 5300, 0, 0, NULL, NULL, 0, '2021-12-19 16:33:15', '2021-12-24 07:26:36');
INSERT INTO `chairstocks` VALUES ('ede296cd-4231-4ab2-9e16-bfaba2b8c51b', 'Okamura ', 'Legender Extra High Back (open arms - plain version)', 'N/A', '', '', 'Leather', 'Leather', 1, 0, '', 'http://blueoceanblue.com:4000/uploads/stocks/1640670229593-sku-395026.jpg', 33700, 0, 0, NULL, NULL, 0, '2021-12-19 16:33:15', '2021-12-28 05:43:49');
INSERT INTO `chairstocks` VALUES ('ee3455a6-d398-4ebc-a6e4-053df20f9556', '** NO BRAND **', 'Y Chair HB Version (Chinese Mesh)', 'BLACK', '', '', 'Mesh ', 'Mesh ', 0, 1, '', '', 2400, 0, 0, NULL, NULL, 0, '2021-12-19 16:33:15', '2021-12-28 04:44:50');
INSERT INTO `chairstocks` VALUES ('ee712db2-1869-4211-9551-514995ebdee2', '** NO BRAND **', 'Arthur Executive Chair (High Back Full Leather Version)', 'N/A', 'BROWN', 'BROWN', 'Leather', 'Leather', 1, 0, '', '', 5550, 0, 0, NULL, NULL, 0, '2021-12-19 16:33:15', '2021-12-28 04:55:22');
INSERT INTO `chairstocks` VALUES ('ef57469c-c565-4adb-a88d-3b2eb7de6046', 'Okamura ', 'Contessa with small headrest (Cushion Seat Version)', 'SILVER', '', '', 'Mesh', 'Fabric', 1, 1, '', 'http://blueoceanblue.com:4000/uploads/stocks/1642497985579-t01-f02-b01-s02-r02-h02-l01-a01-k01-FPC2_1.jpg', 11200, 0, 0, NULL, NULL, 0, '2021-12-19 16:33:15', '2022-01-18 09:26:25');
INSERT INTO `chairstocks` VALUES ('f12a544d-254b-44aa-ab2b-af8db97b9f97', 'Wagner', 'Titan 20', 'WHITE', 'Orange', 'Orange', 'Fabric', 'Fabric', 1, 1, '', 'http://blueoceanblue.com:4000/uploads/stocks/1640336171295-Titan 20 Orange (2).jpg', 10699, 0, 0, NULL, NULL, 0, '2021-12-19 16:33:15', '2021-12-24 08:56:11');
INSERT INTO `chairstocks` VALUES ('f13c3abe-229b-40e7-aa26-d0b21f85175f', 'Okamura ', 'Contessa with small headrest (Cushion Seat Version)', 'POLISHED', '', '', 'Mesh', 'Fabric', 1, 1, '', 'http://blueoceanblue.com:4000/uploads/stocks/1642497966760-t01-f01-b01-s02-r02-h02-l01-a01-k01-FPC2_1.jpg', 11200, 0, 0, NULL, NULL, 0, '2021-12-19 16:33:15', '2022-01-18 09:26:06');
INSERT INTO `chairstocks` VALUES ('f1b7b1df-d6e4-4891-a285-1d34ed0c8696', 'Nightingale', 'CXO L6200D Full Leather', 'Dark Grey', 'Steel #296', 'Steel #296', 'Leather', 'Leather', 1, 1, '', 'http://blueoceanblue.com:4000/uploads/stocks/1644489527620-螢幕擷取畫面 2022-02-10 183836.png', 11500, 0, 0, NULL, NULL, 0, '2021-12-19 16:33:15', '2022-02-10 10:38:47');
INSERT INTO `chairstocks` VALUES ('f1e3d04a-6c52-4e3f-b09c-2c035988e475', '** NO BRAND **', 'Marrit (Full Mesh Version)', 'BLACK', 'BLACK', 'BLACK', 'Mesh ', 'Mesh ', 1, 1, '', 'http://blueoceanblue.com:4000/uploads/stocks/1640667574876-marrit-mesh-hb-500x500.jpg', 4600, 0, 0, NULL, NULL, 0, '2021-12-19 16:33:15', '2021-12-28 04:59:35');
INSERT INTO `chairstocks` VALUES ('f27a5b38-9b7a-4029-955e-09c86d9daa17', 'Bestuhl', 'S10', 'WHITE', '', '', 'Mesh', 'Fabric', 1, 1, '', 'http://blueoceanblue.com:4000/uploads/stocks/1644391799944-S10G120L_WH_LG_01_DarkGray.jpg', 3750, 0, 0, NULL, NULL, 1, '2022-02-09 07:26:52', '2022-02-09 07:30:00');
INSERT INTO `chairstocks` VALUES ('f2dfc830-b5ff-444c-98cc-64c0568f4cce', '** NO BRAND **', 'Vision Chair', 'WHITE', 'Grey Y-02', 'Grey Y-02', 'Mesh ', 'Mesh ', 1, 1, '', 'http://blueoceanblue.com:4000/uploads/stocks/1645075236196-螢幕擷取畫面 2022-02-17 132024.png', 3249, 0, 0, NULL, NULL, 0, '2021-12-19 16:33:15', '2022-02-17 05:20:36');
INSERT INTO `chairstocks` VALUES ('f2ff509a-bef0-4cf2-b3f9-7f70a12c28dc', '** NO BRAND **', 'MO Chair Regular Version ', 'WHITE', 'Black H-01', 'Black H-01', 'Mesh ', 'Mesh ', 1, 1, '', 'http://blueoceanblue.com:4000/uploads/stocks/1645073634329-螢幕擷取畫面 2022-02-17 125338.png', 4499, 0, 0, NULL, NULL, 0, '2021-12-19 16:33:15', '2022-02-17 04:53:54');
INSERT INTO `chairstocks` VALUES ('f3028a73-63b7-4af5-a85d-041f507c2353', 'Duorest', 'D2A', 'WHITE', 'Eco Beige', 'Eco Beige', 'Fabric', 'Fabric', 1, 1, '', '', 5300, 0, 0, NULL, NULL, 1, '2021-12-24 07:27:58', '2021-12-24 07:27:58');
INSERT INTO `chairstocks` VALUES ('f329bd34-8f25-4c21-bbbd-b88d9b34afa5', 'Nightingale', 'CXO L6200D Full Leather', 'Dark Grey', 'Cobblestone #440', 'Cobblestone #440', 'Leather', 'Leather', 1, 1, '', 'http://blueoceanblue.com:4000/uploads/stocks/1644489494670-螢幕擷取畫面 2022-02-10 183804.png', 11500, 0, 0, NULL, NULL, 0, '2021-12-19 16:33:15', '2022-02-10 10:38:14');
INSERT INTO `chairstocks` VALUES ('f359e44e-0777-4d68-8652-4f505040a1d4', '** NO BRAND **', 'MO Chair Regular Version ', 'WHITE', 'Blue H-04', 'Blue H-04', 'Mesh ', 'Mesh ', 1, 1, '', 'http://blueoceanblue.com:4000/uploads/stocks/1645073542998-螢幕擷取畫面 2022-02-17 125209.png', 4499, 0, 0, NULL, NULL, 0, '2021-12-19 16:33:15', '2022-02-17 04:52:23');
INSERT INTO `chairstocks` VALUES ('f4fb3fcc-2b21-4831-b1c2-365c5952b06d', '** NO BRAND **', 'MO Chair Regular Version ', 'WHITE', 'White H-06', 'White H-06', 'Mesh ', 'Mesh ', 1, 1, '', 'http://blueoceanblue.com:4000/uploads/stocks/1645073065736-螢幕擷取畫面 2022-02-17 123540.png', 4499, 0, 0, NULL, NULL, 0, '2021-12-19 16:33:15', '2022-02-17 04:44:25');
INSERT INTO `chairstocks` VALUES ('f61e8323-86ee-48d1-a31e-480d85c6ae0e', 'Okamura ', 'Lives Work Chair (High Back Swivel -Interlock Fabric)', 'N/A', '', '', 'Fabric', 'Fabric', 0, 0, '', 'http://blueoceanblue.com:4000/uploads/stocks/1640670501093-t01-b02-l03-m01-FXW2_1.jpg', 6300, 0, 0, NULL, NULL, 0, '2021-12-19 16:33:15', '2021-12-28 05:48:21');
INSERT INTO `chairstocks` VALUES ('f67ec928-d5eb-4603-b1bf-21fa5b72f091', 'Wagner', 'Titan 20', 'WHITE', 'Green', 'Green', 'Fabric', 'Fabric', 1, 1, '', 'http://blueoceanblue.com:4000/uploads/stocks/1640336180875-Titan 20 green.jpg', 10699, 0, 0, NULL, NULL, 0, '2021-12-19 16:33:15', '2021-12-24 08:56:21');
INSERT INTO `chairstocks` VALUES ('f69fd2d9-aa7b-4f73-a9ea-f44f9183191c', 'Okamura ', 'Contessa w/o headrests (Cushion Seat Version)', 'SILVER', '', '', 'Mesh', 'Fabric', 0, 1, '', 'http://blueoceanblue.com:4000/uploads/stocks/1640342105795-t02-f02-b01-s02-r03-h02-l01-a01-k01-FPD2_1.jpg', 10000, 0, 0, NULL, NULL, 0, '2021-12-19 16:33:15', '2021-12-24 10:35:05');
INSERT INTO `chairstocks` VALUES ('f71f84ba-f3ae-4169-aba4-4f77e650af17', 'Nightingale', 'NLC HB Full Leather version with flip up arms', 'BLACK', 'Bone #450', 'Bone #450', 'Leather', 'Leather', 1, 0, '', 'http://blueoceanblue.com:4000/uploads/stocks/1640339206479-NLC Bone.jpg', 10000, 0, 0, NULL, NULL, 0, '2021-12-19 16:33:15', '2021-12-24 09:46:46');
INSERT INTO `chairstocks` VALUES ('f77cdf5b-1a62-4303-80ec-ca154b42d0ff', 'Nightingale', 'CXO6200D Heavy Duty', 'Dark Grey', 'Black', 'Currant BEE13', 'Mesh', 'Fabric', 1, 1, '', 'http://blueoceanblue.com:4000/uploads/stocks/1644401180467-螢幕擷取畫面 2022-02-09 180608.png', 11500, 0, 0, NULL, NULL, 0, '2021-12-19 16:33:15', '2022-02-09 10:06:20');
INSERT INTO `chairstocks` VALUES ('f855b562-774f-4b98-a742-177a739c24f3', 'Nightingale', 'CXO 6200D', 'Dark Grey', 'Silver', 'Slate BEE10', 'Mesh', 'Fabric', 1, 1, '', 'http://blueoceanblue.com:4000/uploads/stocks/1644385500370-螢幕擷取畫面 2022-02-09 134446.png', 9000, 0, 0, NULL, NULL, 0, '2021-12-19 16:33:15', '2022-02-09 05:45:00');
INSERT INTO `chairstocks` VALUES ('f8de4680-7a7d-4fcd-84b6-fc69799a2b0a', 'Nightingale', 'IC2 UFST', 'BLACK', 'BLACK', 'Black #176', 'Mesh', 'Leather', 0, 0, '', 'http://blueoceanblue.com:4000/uploads/stocks/1644482439699-螢幕擷取畫面 2022-02-10 164023.png', 8499, 0, 0, NULL, NULL, 0, '2021-12-19 16:33:15', '2022-02-10 08:40:39');
INSERT INTO `chairstocks` VALUES ('f90787b9-5299-45c4-965a-1c2d8ee54194', 'Nightingale', 'CXO 6200D UFST', 'Dark Grey', 'Silver', 'Brownie #295', 'Mesh', 'Leather', 1, 1, '', 'http://blueoceanblue.com:4000/uploads/stocks/1644999330345-Nightingale_CXO 6200D UFST_435.png', 10900, 0, 0, NULL, NULL, 0, '2021-12-19 16:33:15', '2022-02-16 08:15:30');
INSERT INTO `chairstocks` VALUES ('f927642f-d375-446d-b91a-79b7ad6257d4', 'Nightingale', 'CXO 6200D', 'Dark Grey', 'Black', 'Azure BEE03', 'Mesh', 'Fabric', 1, 1, '', 'http://blueoceanblue.com:4000/uploads/stocks/1644383934690-螢幕擷取畫面 2022-02-09 131842.png', 9000, 0, 0, NULL, NULL, 0, '2021-12-19 16:33:15', '2022-02-09 05:18:54');
INSERT INTO `chairstocks` VALUES ('f9f4c4dc-0756-4c20-aada-0e9aad0a9126', 'Wagner', 'Alumedic 10', 'Black', 'Brown', 'Brown', 'Mesh ', 'Fabric', 1, 1, '', 'http://blueoceanblue.com:4000/uploads/stocks/1640336801981-Alumedic 10 brown.jpg', 8200, 0, 0, NULL, NULL, 0, '2021-12-19 16:33:15', '2021-12-24 09:06:42');
INSERT INTO `chairstocks` VALUES ('fa179968-199b-4893-a826-4effc7dd4463', '** NO BRAND **', 'Emery Ergonomic Chair (Full Mesh Version)', 'BLACK', '', '', 'Mesh ', 'Mesh ', 1, 1, '', 'http://blueoceanblue.com:4000/uploads/stocks/1640667694874-Emery.jpg', 3100, 0, 0, NULL, NULL, 0, '2021-12-19 16:33:15', '2021-12-28 05:01:34');
INSERT INTO `chairstocks` VALUES ('fa6f8641-4af7-41d9-96c7-69e8a7d7f67d', 'Nightingale', 'IC2 Full Leather', 'WHITE', 'Swan White #456', 'Swan White #456', 'Leather', 'Leather', 1, 1, '', 'http://blueoceanblue.com:4000/uploads/stocks/1644490905978-螢幕擷取畫面 2022-02-10 190009.png', 9399, 0, 0, NULL, NULL, 0, '2021-12-19 16:33:15', '2022-02-10 11:01:46');
INSERT INTO `chairstocks` VALUES ('fb30282a-0566-4753-a5a1-8a81ff4e1607', 'Sidiz ', 'T80', 'WHITE', 'Grey', 'Grey 451AN', 'Mesh', 'Fabric', 1, 1, '', 'http://blueoceanblue.com:4000/uploads/stocks/1640338437856-F1510911615967DQXWGLUZLIO.png', 5900, 0, 0, NULL, NULL, 0, '2021-12-19 16:33:15', '2021-12-24 09:33:57');
INSERT INTO `chairstocks` VALUES ('fb6c5ca0-e2cf-42f7-bf80-cf668593f41d', 'Nightingale', 'CXO 6200D', 'Dark Grey', 'Black', 'Currant BEE13', 'Mesh', 'Fabric', 1, 1, '', 'http://blueoceanblue.com:4000/uploads/stocks/1644386968483-螢幕擷取畫面 2022-02-09 140911.png', 9000, 0, 0, NULL, NULL, 0, '2021-12-19 16:33:15', '2022-02-09 06:09:28');
INSERT INTO `chairstocks` VALUES ('fcc03348-ed1e-40ef-8917-75603cc93c79', '** NO BRAND **', 'MO Chair Regular Version ', 'BLACK', '', '', 'Leather', 'Leather', 1, 1, '', 'http://blueoceanblue.com:4000/uploads/stocks/1645073253142-螢幕擷取畫面 2022-02-17 124720.png', 5549, 0, 0, NULL, NULL, 0, '2021-12-19 16:33:15', '2022-02-17 04:47:33');
INSERT INTO `chairstocks` VALUES ('fcc5fb5c-a97a-4eec-9130-d5987523d38e', 'Ergohuman', 'IOO', 'BLACK', 'White KMD-36', 'White KMD-36', 'Mesh ', 'Mesh ', 1, 1, '', 'http://blueoceanblue.com:4000/uploads/stocks/1644566902218-IOO KMD-36.jpg', 5100, 0, 0, NULL, NULL, 0, '2021-12-19 16:33:15', '2022-02-11 08:08:22');
INSERT INTO `chairstocks` VALUES ('fe4072d3-29e2-4dfc-9889-e4e433ab1930', '** NO BRAND **', 'Vision Chair', 'BLACK', 'Blue Y-04', 'Blue Y-04', 'Mesh ', 'Mesh ', 1, 1, '', 'http://blueoceanblue.com:4000/uploads/stocks/1645075409494-螢幕擷取畫面 2022-02-17 132318.png', 2999, 0, 0, NULL, NULL, 0, '2021-12-19 16:33:15', '2022-02-17 05:23:29');
INSERT INTO `chairstocks` VALUES ('feedfc08-4610-41fd-b392-5304501ec8a9', '** NO BRAND **', 'MO Chair Regular Version ', 'BLACK', 'Orange H-03', 'Orange H-03', 'Mesh ', 'Mesh ', 1, 1, '', 'http://blueoceanblue.com:4000/uploads/stocks/1645073265945-螢幕擷取畫面 2022-02-17 124152.png', 4249, 0, 0, NULL, NULL, 0, '2021-12-19 16:33:15', '2022-02-17 04:47:46');
INSERT INTO `chairstocks` VALUES ('ffc6a6ca-d5a6-477f-b761-88c908e6a375', '** NO BRAND **', 'MO Chair Basic Version ', 'BLACK', 'Blue Y-04', 'Blue Y-04', 'Mesh ', 'Mesh ', 1, 1, '', '', 3600, 0, 0, NULL, NULL, 0, '2021-12-19 16:33:15', '2021-12-28 04:48:52');

-- ----------------------------
-- Table structure for chairtoorders
-- ----------------------------
DROP TABLE IF EXISTS `chairtoorders`;
CREATE TABLE `chairtoorders`  (
  `id` char(36) CHARACTER SET utf8mb4 COLLATE utf8mb4_bin NOT NULL,
  `unitPrice` float NOT NULL DEFAULT 1000,
  `qty` int NOT NULL DEFAULT 1,
  `deliveryOption` varchar(255) CHARACTER SET utf8mb4 COLLATE utf8mb4_general_ci NOT NULL DEFAULT 'Delivery Included',
  `preOrder` tinyint(1) NOT NULL DEFAULT 0,
  `preDeliveryDate` date NULL DEFAULT NULL,
  `estDeliveryDate` date NULL DEFAULT NULL,
  `from` time NULL DEFAULT NULL,
  `to` time NULL DEFAULT NULL,
  `delivered` tinyint(1) NOT NULL DEFAULT 0,
  `poNum` varchar(255) CHARACTER SET utf8mb4 COLLATE utf8mb4_general_ci NOT NULL DEFAULT '',
  `signURL` varchar(255) CHARACTER SET utf8mb4 COLLATE utf8mb4_general_ci NOT NULL DEFAULT '',
  `remark` varchar(255) CHARACTER SET utf8mb4 COLLATE utf8mb4_general_ci NOT NULL DEFAULT '',
  `createdAt` datetime NOT NULL,
  `updatedAt` datetime NOT NULL,
  `orderId` char(36) CHARACTER SET utf8mb4 COLLATE utf8mb4_bin NULL DEFAULT NULL,
  `stockId` char(36) CHARACTER SET utf8mb4 COLLATE utf8mb4_bin NULL DEFAULT NULL,
  PRIMARY KEY (`id`) USING BTREE,
  INDEX `chairtoorders_orderId_foreign_idx`(`orderId`) USING BTREE,
  INDEX `chairtoorders_stockId_foreign_idx`(`stockId`) USING BTREE,
  CONSTRAINT `chairtoorders_orderId_foreign_idx` FOREIGN KEY (`orderId`) REFERENCES `salesorders` (`id`) ON DELETE CASCADE ON UPDATE CASCADE,
  CONSTRAINT `chairtoorders_stockId_foreign_idx` FOREIGN KEY (`stockId`) REFERENCES `chairstocks` (`id`) ON DELETE SET NULL ON UPDATE CASCADE
) ENGINE = InnoDB CHARACTER SET = utf8mb4 COLLATE = utf8mb4_general_ci ROW_FORMAT = Dynamic;

-- ----------------------------
-- Records of chairtoorders
-- ----------------------------
INSERT INTO `chairtoorders` VALUES ('00e6582f-b9e9-448c-ab56-9f753d1a8cd3', 4600, 1, '[\"Delivery and installation included\"]', 1, '2022-01-18', NULL, NULL, NULL, 0, '', '', '', '2022-01-11 08:41:42', '2022-01-18 05:17:56', 'de51c412-8892-41cd-a86e-17d38b287871', 'f1e3d04a-6c52-4e3f-b09c-2c035988e475');
INSERT INTO `chairtoorders` VALUES ('02135355-6d12-4a00-b5e6-552a2de9ba0a', 3900, 1, '[\"Delivery and installation included\"]', 0, '2022-02-09', NULL, NULL, NULL, 1, '', '', '', '2022-02-04 11:07:51', '2022-02-10 04:38:04', '64b289c3-57ab-448e-94a4-d841201729b0', '34b4c779-6ff9-4cbf-b132-e580c8e56ca3');
INSERT INTO `chairtoorders` VALUES ('037905c1-9e91-4958-aab9-a0fbfc9e9677', 11200, 1, '[\"Delivery and installation included\"]', 1, NULL, NULL, NULL, NULL, 0, '', '', '', '2022-01-19 11:15:29', '2022-01-19 11:15:29', '35417c21-f9dd-4ddf-8e03-300620145054', 'ef57469c-c565-4adb-a88d-3b2eb7de6046');
INSERT INTO `chairtoorders` VALUES ('06aa56ff-51f3-420d-aabb-90f5c9753de0', 10000, 1, '[\"Delivery and installation included\"]', 1, '2022-01-19', NULL, NULL, NULL, 0, '', '', '', '2022-01-12 13:19:16', '2022-01-18 05:19:47', 'b7a862dc-dd9c-4a1c-9843-270060d39363', '236cebeb-2742-47ac-b652-9283acb1d77a');
INSERT INTO `chairtoorders` VALUES ('109a7236-317b-4d7f-ba27-ad150743eda6', 10399, 1, '[\"Delivery and installation included\"]', 0, NULL, NULL, NULL, NULL, 0, '', '', '', '2022-02-16 07:37:58', '2022-02-16 07:37:58', '227a56bf-28ba-475d-a2e9-e9e614d5af4b', '3108a6d7-85b7-4b58-8f2f-789daf5db54e');
INSERT INTO `chairtoorders` VALUES ('116c8e06-487d-4590-8c62-d8d5e89c8c3d', 11200, 1, '[\"Delivery and installation included\"]', 1, '2022-01-21', NULL, NULL, NULL, 1, '', '', '', '2022-01-17 10:57:05', '2022-01-24 08:49:56', 'a0081a8f-c611-435b-80ef-c232e99b0f85', 'f13c3abe-229b-40e7-aa26-d0b21f85175f');
INSERT INTO `chairtoorders` VALUES ('16168bc7-5034-49ef-ab87-dd47b77b8e9f', 5500, 1, '[\"Delivery and installation included\"]', 0, NULL, NULL, NULL, NULL, 0, '', '', '', '2022-01-27 09:35:27', '2022-01-27 09:35:27', '21f6dcd4-7411-4230-aa18-5412ea3af3c3', '6973a8d7-c395-4aeb-bba2-9a40745902ad');
INSERT INTO `chairtoorders` VALUES ('1b346d6f-4e0f-472f-9e07-03e62848f575', 10000, 1, '[]', 1, NULL, NULL, NULL, NULL, 0, '', '', 'FrameColor:BLACK, SeatColor:Clay #435, BackColor:Clay #435', '2022-03-01 19:32:40', '2022-03-01 19:32:40', '234804c1-a975-4968-8a71-f47cf7c51089', '013da5f2-f1ed-4d27-8fba-1e24fb9a70de');
INSERT INTO `chairtoorders` VALUES ('1ec33aa5-a3fb-46a3-8d5e-c6b3e2eb0474', 6200, 1, '[\"Delivery and installation included\"]', 1, '2022-01-27', NULL, NULL, NULL, 0, '', '', '', '2022-01-25 10:23:12', '2022-01-25 13:26:43', 'e98bbb0a-bf36-4ba0-9141-0e108e105982', '073f2919-9eb8-430a-b749-65754fae40bd');
INSERT INTO `chairtoorders` VALUES ('1f306ca8-7dc8-41a3-9e17-37cb914053ee', 3900, 1, '[]', 0, '2022-01-13', NULL, NULL, NULL, 0, '', '', '', '2022-01-12 11:55:17', '2022-01-18 05:18:23', '56191ceb-e7d1-4bad-970a-7e7731920505', '34b4c779-6ff9-4cbf-b132-e580c8e56ca3');
INSERT INTO `chairtoorders` VALUES ('24036d3e-4c03-4266-aa22-1356a935f9c3', 3500, 1, '[\"Delivery and installation included\",\"Stairs Surcharge\"]', 0, '2022-01-21', NULL, NULL, NULL, 0, '', '', '', '2022-01-21 05:47:43', '2022-01-21 05:48:56', '85f4e08b-be4d-4cad-8fe4-d922643a6600', '3d6bf909-0356-414b-858f-508503388576');
INSERT INTO `chairtoorders` VALUES ('37f5e0ea-9add-4b95-a702-7d087a078358', 8500, 1, '[\"Delivery and installation included\"]', 1, '2022-02-09', NULL, NULL, NULL, 1, '', '', '', '2022-02-04 11:07:51', '2022-02-10 04:38:04', '64b289c3-57ab-448e-94a4-d841201729b0', '325d8278-b0a9-4ae4-b323-0cd65974c32b');
INSERT INTO `chairtoorders` VALUES ('393d4b48-a3a3-4dbd-b067-ccee5ee07124', 10000, 1, '[]', 1, NULL, NULL, NULL, NULL, 0, '', '', 'FrameColor:BLACK, SeatColor:Clay #435, BackColor:Clay #435', '2022-03-01 19:36:38', '2022-03-01 19:36:38', '696b3202-e093-47d8-9430-951459b1383e', '013da5f2-f1ed-4d27-8fba-1e24fb9a70de');
INSERT INTO `chairtoorders` VALUES ('3a1fc40d-fa52-4e12-a796-5807be379904', 5500, 1, '[\"Delivery and installation included\"]', 0, NULL, NULL, NULL, NULL, 0, '', '', '', '2022-02-19 06:48:38', '2022-02-19 06:48:38', '99c75019-8421-4a8c-9dc1-664631d7496c', '6973a8d7-c395-4aeb-bba2-9a40745902ad');
INSERT INTO `chairtoorders` VALUES ('3b7a0b07-1c31-45ff-a9a2-a5f06e706a37', 4600, 4, '[\"Delivery and installation included\"]', 1, '2022-01-12', '2022-01-12', NULL, NULL, 0, '', '', '', '2022-01-05 02:44:38', '2022-01-11 04:23:06', 'e28812e3-4c11-4d48-8852-88044b5edf5b', 'f1e3d04a-6c52-4e3f-b09c-2c035988e475');
INSERT INTO `chairtoorders` VALUES ('4052eb51-706e-4b37-8b3e-7524459da433', 10000, 1, '[]', 1, NULL, NULL, NULL, NULL, 0, '', '', 'FrameColor:BLACK, SeatColor:Clay #435, BackColor:Clay #435', '2022-03-01 19:27:13', '2022-03-01 19:27:13', 'cc0f0b51-8b84-46f9-a207-17baff92174b', '013da5f2-f1ed-4d27-8fba-1e24fb9a70de');
INSERT INTO `chairtoorders` VALUES ('41d10470-7086-4d4f-bb6b-c2a599b7f99b', 2450, 1, '[\"Delivery and installation included\",\"Stairs Surcharge\"]', 1, NULL, NULL, NULL, NULL, 0, '', '', '', '2022-01-17 10:08:45', '2022-01-17 10:08:45', '2a7a9a81-3b87-4e88-ac77-f9e0d74fcc8e', '62dc3c25-d150-4e45-81b2-daa7240e1e72');
INSERT INTO `chairtoorders` VALUES ('455b19eb-c132-4b3f-8a3c-042c4d515782', 10300, 1, '[\"Delivery and installation included\"]', 1, NULL, NULL, NULL, NULL, 0, '', '', '', '2022-01-19 11:15:29', '2022-01-19 11:15:29', '35417c21-f9dd-4ddf-8e03-300620145054', 'bada541b-404c-4e32-8478-fc6705fa8a8b');
INSERT INTO `chairtoorders` VALUES ('458b7837-68b5-4ed2-a09a-f67b8e0d20b3', 13000, 1, '[\"Delivery and installation included\"]', 1, NULL, NULL, NULL, NULL, 0, '', '', '', '2022-01-27 09:37:52', '2022-01-27 09:37:52', '7961bbcf-be95-4358-b518-cb2f22f93103', '7b8683d8-cab3-4df4-8756-f264be8d8522');
INSERT INTO `chairtoorders` VALUES ('47584f48-7ada-43b3-8988-f2edb8d38b68', 2340, 1, '[\"Delivery Included\"]', 1, '2022-01-20', NULL, NULL, NULL, 1, '', '', '', '2022-01-20 01:41:19', '2022-01-24 08:48:27', 'da363b5a-0ba6-4935-9ba2-abb46290fb54', '4e5a0da1-00ea-44cc-9a00-c5fa38c8abfe');
INSERT INTO `chairtoorders` VALUES ('49cb026a-99db-4274-8079-4b5ea4e494e2', 3899, 1, '[\"Delivery and installation included\"]', 0, '2022-01-20', NULL, NULL, NULL, 1, '', '', '', '2022-01-20 05:26:21', '2022-01-20 12:09:20', 'eeb315b3-5b71-4096-9aa8-53e122721db8', 'b4bd60d4-7922-49ac-b047-02f70218c505');
INSERT INTO `chairtoorders` VALUES ('4b074ddf-1ebf-4adb-b664-683038b78d71', 11000, 1, '[\"Delivery and installation included\"]', 1, NULL, NULL, NULL, NULL, 0, '', '', '', '2022-02-15 07:30:26', '2022-02-15 07:30:26', '5f753a19-bd82-4265-9a68-671b72c1f1c1', 'e6547a81-b69a-49b7-8287-72e2e39d117e');
INSERT INTO `chairtoorders` VALUES ('4e823ae8-d0cd-41ec-bc5e-fd2b52e7ffda', 4900, 1, '[\"Delivery and installation included\"]', 0, NULL, NULL, NULL, NULL, 0, '', '', '', '2022-02-17 07:11:01', '2022-02-17 07:11:01', 'e99cb6e4-3331-4075-a04d-3b56c4877054', '3f8ebab2-1b29-4836-8d92-3530c8153f75');
INSERT INTO `chairtoorders` VALUES ('5197bf53-5bb2-4d63-843f-8fee86f31359', 3900, 1, '[\"Delivery and installation included\"]', 1, NULL, NULL, NULL, NULL, 0, '', '', '', '2022-02-14 05:43:27', '2022-02-14 05:43:27', 'f189e777-6d9a-423b-bebf-0657cdc2e5b1', '172ca256-391c-45c8-96ab-9eba3f423cf4');
INSERT INTO `chairtoorders` VALUES ('527129eb-d833-40c0-bb3e-84196364bc1e', 6500, 1, '[\"Delivery and installation included\"]', 1, NULL, NULL, NULL, NULL, 0, '', '', '', '2022-02-12 12:52:32', '2022-02-12 12:52:32', 'd1b47dfe-5cf2-4891-a7fa-fc9de53e7956', '1ddee145-a68a-48c2-8007-fd6d6ec6339f');
INSERT INTO `chairtoorders` VALUES ('553711a9-611e-4a20-a5bb-4bb3df1aba97', 10000, 1, '[]', 1, NULL, NULL, NULL, NULL, 0, '', '', 'FrameColor:BLACK, SeatColor:Clay #435, BackColor:Clay #435', '2022-03-01 19:35:08', '2022-03-01 19:35:08', '97805abd-4d9f-48c7-86e3-e20148924622', '013da5f2-f1ed-4d27-8fba-1e24fb9a70de');
INSERT INTO `chairtoorders` VALUES ('5869bdd2-3031-4645-a1cd-ac5f93226537', 3899, 1, '[\"Delivery and installation included\"]', 0, '2022-01-17', NULL, NULL, NULL, 0, '', '', '', '2022-01-15 07:23:58', '2022-01-18 05:19:15', '7b8ecaa9-0488-4220-acf0-351d3767920b', 'b4bd60d4-7922-49ac-b047-02f70218c505');
INSERT INTO `chairtoorders` VALUES ('5c188bfa-c3b8-42d2-81fb-fbf9986412f0', 10000, 1, '[]', 1, NULL, NULL, NULL, NULL, 0, '', '', 'FrameColor:BLACK, SeatColor:Clay #435, BackColor:Clay #435', '2022-03-01 19:38:23', '2022-03-01 19:38:23', '08124615-a12c-40c0-bc2f-cbf704f269fc', '013da5f2-f1ed-4d27-8fba-1e24fb9a70de');
INSERT INTO `chairtoorders` VALUES ('5edcdb59-cc53-4252-9c14-7ca466ceef3c', 9000, 1, '[\"Delivery and installation included\"]', 1, NULL, NULL, NULL, NULL, 0, '', '', '', '2022-01-19 09:29:31', '2022-01-19 09:29:31', '071ad09d-7154-4cca-ba89-c0215f27427e', '03a1d2e9-254e-488f-a288-0701daa1e6c7');
INSERT INTO `chairtoorders` VALUES ('6093f26f-938f-4851-b9b9-22affb3a4795', 10000, 1, '[]', 1, NULL, NULL, NULL, NULL, 0, '', '', 'FrameColor:BLACK, SeatColor:Clay #435, BackColor:Clay #435', '2022-03-01 20:12:57', '2022-03-01 20:12:57', 'af81ca69-171e-43e7-8899-e9c161ccc7bc', '013da5f2-f1ed-4d27-8fba-1e24fb9a70de');
INSERT INTO `chairtoorders` VALUES ('65095c57-ec53-4922-b151-71ffb3bc9373', 3900, 1, '[\"Delivery and installation included\"]', 1, NULL, NULL, NULL, NULL, 0, '', '', '', '2022-02-16 05:58:36', '2022-02-16 05:58:36', 'dab9f3ab-9c5b-4f9f-851f-e1b83d0e2972', '172ca256-391c-45c8-96ab-9eba3f423cf4');
INSERT INTO `chairtoorders` VALUES ('6a776b01-c153-4e0c-83e3-41cbac54d117', 4900, 1, '[\"Delivery and installation included\"]', 1, NULL, NULL, NULL, NULL, 0, '', '', '', '2022-02-17 08:59:09', '2022-02-17 08:59:09', 'e56fda1a-ea98-4437-9a6e-a704cfc57431', '40bc07ed-638c-4104-8588-cf1f36114433');
INSERT INTO `chairtoorders` VALUES ('6ef79296-0324-4df5-b2b4-e3cc7e871cd1', 4900, 1, '[\"Delivery and installation included\"]', 0, '2022-02-06', NULL, NULL, NULL, 1, '', '', '', '2022-02-04 11:03:57', '2022-02-10 04:38:20', 'a1304714-d7cd-4faf-bb4c-9288b98618e2', 'c697b0f3-7ceb-4f86-9a88-667e6ed16bb4');
INSERT INTO `chairtoorders` VALUES ('712e5299-1bcd-456c-9328-95df03fecc97', 4600, 1, '[\"Delivery and installation included\"]', 1, NULL, NULL, NULL, NULL, 0, '', '', '', '2022-02-12 10:12:36', '2022-02-12 10:12:36', '96338565-52e1-4127-8919-9fd2a434a56e', 'f1e3d04a-6c52-4e3f-b09c-2c035988e475');
INSERT INTO `chairtoorders` VALUES ('712ff360-a632-4bbd-853d-ce2f47c7bd01', 36200, 2, '[]', 1, NULL, NULL, NULL, NULL, 0, '', '', 'FrameColor:N/A, SeatColor:___, BackColor:___ed', '2022-05-02 12:51:36', '2022-05-02 12:51:36', 'de51e5a7-3fa7-4d1d-bdb9-ef7f1feda157', '00a42064-3626-4e00-8e8b-b8d5b3085159');
INSERT INTO `chairtoorders` VALUES ('76cbca39-ae7f-4f0b-84cd-239ba8540844', 11000, 1, '[\"Delivery and installation included\"]', 1, NULL, NULL, NULL, NULL, 0, '', '', '', '2022-02-16 11:06:41', '2022-02-16 11:06:41', '2c0cbccd-3e1e-4a65-a650-fed0c7484562', 'bada541b-404c-4e32-8478-fc6705fa8a8b');
INSERT INTO `chairtoorders` VALUES ('777e14b3-4059-4369-ae32-21d1b67e1d7b', 5500, 1, '[\"Delivery and installation included\"]', 0, NULL, NULL, NULL, NULL, 0, '', '', '', '2022-02-04 07:59:45', '2022-02-04 07:59:45', '2c1fce07-95ad-4006-badb-f00cdcdf841e', '6973a8d7-c395-4aeb-bba2-9a40745902ad');
INSERT INTO `chairtoorders` VALUES ('793571f6-0a78-489e-9f87-2cc97eb083d2', 5500, 1, '[]', 0, NULL, NULL, NULL, NULL, 0, '', '', '', '2022-01-28 04:31:45', '2022-01-28 04:31:45', 'e35c45f1-73f5-4837-a4fe-845a83aba098', '6973a8d7-c395-4aeb-bba2-9a40745902ad');
INSERT INTO `chairtoorders` VALUES ('7ce924ff-c279-494a-9d94-26f4e30df1cc', 4900, 1, '[\"Delivery and installation included\"]', 1, NULL, NULL, NULL, NULL, 0, '', '', '', '2022-02-17 07:11:01', '2022-02-17 07:11:01', 'e99cb6e4-3331-4075-a04d-3b56c4877054', '1ece43a5-3da9-4541-85e3-ab479cdf3130');
INSERT INTO `chairtoorders` VALUES ('7e0c3bd2-5506-4542-8f7d-2ac778dff661', 13799, 1, '[\"Delivery and installation included\"]', 0, NULL, NULL, NULL, NULL, 0, '', '', '', '2022-01-26 07:35:09', '2022-01-26 07:35:09', '6fb5bf88-bb53-4e9d-8026-1a4bdfbe39cb', 'a242712d-8f1d-4654-8645-a015fcef56ec');
INSERT INTO `chairtoorders` VALUES ('7fce504b-4c69-4892-861d-ec2247d22805', 4300, 1, '[\"Delivery and installation included\"]', 0, NULL, NULL, NULL, NULL, 0, '', '', '', '2022-01-31 12:46:53', '2022-01-31 12:46:53', '16911798-d356-41b6-a0b5-7cbcfe5356c5', 'a8c1d27f-477e-4bdc-8f53-6d9d690e0434');
INSERT INTO `chairtoorders` VALUES ('83bcc508-cc76-42fc-ab9e-9432eabef82e', 999, 1, '[]', 1, '2022-01-31', NULL, NULL, NULL, 1, '', '', '', '2022-01-31 04:05:19', '2022-01-31 04:55:38', '6b34758e-bde0-4b4f-98c1-08d9018f8e3c', '1d0bd051-1be6-405d-a75d-b8c5608b8ef9');
INSERT INTO `chairtoorders` VALUES ('83c74ba1-7990-464e-a059-85a8745f7fcf', 5500, 1, '[]', 0, NULL, NULL, NULL, NULL, 0, '', '', '', '2022-02-19 10:04:54', '2022-02-19 10:04:54', '53861b56-bd50-4da2-bdf9-c045d8f42519', '6973a8d7-c395-4aeb-bba2-9a40745902ad');
INSERT INTO `chairtoorders` VALUES ('84bda415-9ced-4531-ac5c-0fa8e4f2917e', 10000, 1, '[]', 1, NULL, NULL, NULL, NULL, 0, '', '', 'FrameColor:BLACK, SeatColor:Clay #435, BackColor:Clay #435', '2022-03-01 19:35:42', '2022-03-01 19:35:42', '3217fb4b-c682-4cf8-a16e-24f8b94e03ae', '013da5f2-f1ed-4d27-8fba-1e24fb9a70de');
INSERT INTO `chairtoorders` VALUES ('88c31f86-98e6-421a-8684-8c960ed35bb0', 10000, 1, '[]', 1, NULL, NULL, NULL, NULL, 0, '', '', 'FrameColor:BLACK, SeatColor:Clay #435, BackColor:Clay #435', '2022-03-01 19:37:03', '2022-03-01 19:37:03', '06cba264-3aa1-4efd-b1fc-625a91a1b035', '013da5f2-f1ed-4d27-8fba-1e24fb9a70de');
INSERT INTO `chairtoorders` VALUES ('8da26473-2592-4105-8875-f8b95568a0ad', 4600, 1, '[\"Delivery and installation included\"]', 1, NULL, NULL, NULL, NULL, 0, '', '', '', '2022-01-25 08:48:16', '2022-01-25 08:48:16', '88001442-56ec-44fa-ad79-f67ebed8fa7d', 'f1e3d04a-6c52-4e3f-b09c-2c035988e475');
INSERT INTO `chairtoorders` VALUES ('8ef70ffa-de25-46f1-a2b6-18ec0c1f0c8e', 3400, 1, '[]', 0, NULL, NULL, NULL, NULL, 0, '', '', '', '2022-01-28 08:04:16', '2022-01-28 08:04:16', '2183ef6e-247d-463c-817c-2889b17bd1c3', 'b5549844-a3b1-47d2-8195-c572edb16ce7');
INSERT INTO `chairtoorders` VALUES ('967d64bb-82f5-4c4d-88fd-bb81800c64cb', 3900, 1, '[\"Delivery and installation included\"]', 0, '2022-01-19', NULL, NULL, NULL, 0, '', '', '', '2022-01-12 13:19:16', '2022-01-18 05:19:47', 'b7a862dc-dd9c-4a1c-9843-270060d39363', '34b4c779-6ff9-4cbf-b132-e580c8e56ca3');
INSERT INTO `chairtoorders` VALUES ('96ff89c6-345e-45f0-a9ff-48cd1d69f56a', 5500, 1, '[\"Delivery and installation included\"]', 0, NULL, NULL, NULL, NULL, 0, '', '', '', '2022-02-15 09:02:44', '2022-02-15 09:02:44', 'ae01c830-fdb0-489c-97ab-2c7675a1c34c', '6973a8d7-c395-4aeb-bba2-9a40745902ad');
INSERT INTO `chairtoorders` VALUES ('a0136bd6-5dc8-40e8-be8b-7a46fbc0882c', 4499, 1, '[]', 1, NULL, NULL, NULL, NULL, 0, '', '', '', '2022-02-09 08:23:20', '2022-02-09 08:23:20', '261d994b-d494-4fc4-95d1-989f6bf9c1a5', 'f2ff509a-bef0-4cf2-b3f9-7f70a12c28dc');
INSERT INTO `chairtoorders` VALUES ('a1467c62-4a56-4a09-9cb5-e16d50ae2cb0', 8099, 1, '[\"Delivery and installation included\"]', 1, NULL, NULL, NULL, NULL, 0, '', '', '', '2022-01-31 14:05:17', '2022-01-31 14:05:17', '8e5b3b7c-c61b-46af-84bd-472ebbd4f646', '365a117d-e4a2-4c31-8602-b6dd795186ba');
INSERT INTO `chairtoorders` VALUES ('a4b7783d-2573-40cc-857a-3917d84f4790', 10000, 1, '[]', 1, NULL, NULL, NULL, NULL, 0, '', '', 'FrameColor:BLACK, SeatColor:Clay #435, BackColor:Clay #435', '2022-03-01 19:31:44', '2022-03-01 19:31:44', '4d827b5a-191d-4766-992d-49a38ed67c34', '013da5f2-f1ed-4d27-8fba-1e24fb9a70de');
INSERT INTO `chairtoorders` VALUES ('a50b3d2b-8b58-43fb-a6b7-ddd207a8d060', 13799, 1, '[\"Delivery and installation included\"]', 1, NULL, NULL, NULL, NULL, 0, '', '', '', '2022-02-16 08:57:19', '2022-02-16 08:57:19', '05a76891-4523-4075-a5d5-e95e2b546843', 'e2d9148a-f0de-4e1a-83f6-2e6cda76471b');
INSERT INTO `chairtoorders` VALUES ('a527cca7-caf4-4437-b2b7-bdc0efb6e18d', 8099, 1, '[\"Delivery and installation included\"]', 1, NULL, NULL, NULL, NULL, 0, '', '', '', '2022-01-27 09:35:27', '2022-01-27 09:35:27', '21f6dcd4-7411-4230-aa18-5412ea3af3c3', '50b94c58-6795-42ac-aa16-65585ff6ed21');
INSERT INTO `chairtoorders` VALUES ('a93af5ab-6ae5-429c-a4ee-49abe91c6721', 5500, 1, '[\"Delivery and installation included\"]', 0, NULL, NULL, NULL, NULL, 0, '', '', '', '2022-02-16 05:19:49', '2022-02-16 05:19:49', '4fbadf51-0365-427b-8d4a-9052693d58a8', '6973a8d7-c395-4aeb-bba2-9a40745902ad');
INSERT INTO `chairtoorders` VALUES ('ae79af06-59bf-4a59-ae8b-c27e19c7eedc', 6200, 1, '[\"Delivery and installation included\"]', 1, '2022-01-18', NULL, NULL, NULL, 0, '', '', '', '2022-01-18 04:18:02', '2022-01-18 05:17:01', 'b68bbd26-1d6f-4511-be86-661b3f88e738', '073f2919-9eb8-430a-b749-65754fae40bd');
INSERT INTO `chairtoorders` VALUES ('b04da0f2-f4f6-4d92-80e9-54c579015468', 3400, 1, '[]', 0, NULL, NULL, NULL, NULL, 0, '', '', '', '2022-01-28 07:16:49', '2022-01-28 07:16:49', 'a7561af4-af35-47ee-bbfe-c730cebbf71b', '346cac99-b2ab-4e78-86f2-6dd31fe621f0');
INSERT INTO `chairtoorders` VALUES ('b7217aa5-d423-4297-9537-b533a645faad', 36200, 1, '[\"Delivery Included\",\"Remote Area Surcharge\"]', 1, NULL, NULL, NULL, NULL, 0, '', '', 'FrameColor:N/A, SeatColor:___, BackColor:___', '2022-02-23 09:19:20', '2022-02-23 09:19:20', 'b31bffa6-e122-4a98-9eca-bbcd205c7a7f', '00a42064-3626-4e00-8e8b-b8d5b3085159');
INSERT INTO `chairtoorders` VALUES ('b7f7f6ab-931a-49b9-8c44-fee598239a2c', 9700, 1, '[\"Delivery and installation included\"]', 1, NULL, NULL, NULL, NULL, 0, '', '', '', '2022-02-15 05:57:52', '2022-02-15 05:57:52', 'cd688604-ee1e-4270-9f95-5f2d81169752', 'c48a5f0d-3932-4dc4-a384-36b5e1a5e1cf');
INSERT INTO `chairtoorders` VALUES ('b81e13f8-5d93-42de-9693-daa8606d0911', 5300, 1, '[]', 0, NULL, NULL, NULL, NULL, 0, '', '', '', '2022-02-19 07:42:04', '2022-02-19 07:42:04', 'e99a3837-3db4-4ba2-bdd2-c9900334c3f1', 'ab5be498-9452-4665-88cc-768b61cf00fe');
INSERT INTO `chairtoorders` VALUES ('bb5092e5-d72a-446e-b6c9-6723cb34f662', 4499, 1, '[\"Delivery and installation included\"]', 1, NULL, NULL, NULL, NULL, 0, '', '', '', '2022-02-12 09:34:03', '2022-02-12 09:34:03', '4f212805-2fed-469a-9398-826138c2d8a4', 'f4fb3fcc-2b21-4831-b1c2-365c5952b06d');
INSERT INTO `chairtoorders` VALUES ('c08d9fc6-0dba-4309-8699-1663e9e126ac', 3900, 1, '[\"Delivery and installation included\"]', 0, '2022-01-13', NULL, NULL, NULL, 0, '', '', '', '2022-01-12 08:00:50', '2022-01-18 05:20:16', 'd233ff21-3c12-480b-ba2a-0e7c9af9533f', '57fb187b-8c51-459c-80a1-c831e0b90009');
INSERT INTO `chairtoorders` VALUES ('c283fb91-6cd1-43b7-a4d7-2519b22b361a', 3899, 1, '[\"Delivery and installation included\"]', 0, NULL, NULL, NULL, NULL, 0, '', '', '', '2022-02-04 05:01:49', '2022-02-04 05:01:49', '818f2694-48eb-456a-b8c6-af1091c58d75', 'b4bd60d4-7922-49ac-b047-02f70218c505');
INSERT INTO `chairtoorders` VALUES ('cbc3358e-d22a-4a53-9230-9799f2b1f947', 5500, 1, '[]', 0, '2022-01-26', NULL, NULL, NULL, 0, '', '', '', '2022-01-22 04:25:21', '2022-01-24 08:49:27', 'ec71408b-ceb8-4b8f-acb9-b2c1fa9dedb8', '6973a8d7-c395-4aeb-bba2-9a40745902ad');
INSERT INTO `chairtoorders` VALUES ('d4d938e6-5a38-46f9-aab3-55ddf0eb9772', 9700, 2, '[\"Delivery and installation included\"]', 1, NULL, NULL, NULL, NULL, 0, '', '', '', '2022-02-18 10:14:58', '2022-02-18 10:14:58', '4f6cae59-cc05-4247-a667-60d8a43d8f5a', 'c48a5f0d-3932-4dc4-a384-36b5e1a5e1cf');
INSERT INTO `chairtoorders` VALUES ('d5b09052-198a-43ee-941a-a2923bad03de', 4300, 1, '[\"Delivery and installation included\",\"Stairs Surcharge\"]', 0, NULL, NULL, NULL, NULL, 0, '', '', '', '2022-01-27 13:00:26', '2022-01-27 13:00:26', 'bde17cbf-79d2-4c13-8753-3d277ef40751', 'a8c1d27f-477e-4bdc-8f53-6d9d690e0434');
INSERT INTO `chairtoorders` VALUES ('dd23c0cd-aabc-4af2-8b95-4734210dea59', 4499, 1, '[]', 1, NULL, NULL, NULL, NULL, 0, '', '', '', '2022-02-09 08:47:34', '2022-02-09 08:47:34', '63f1c86d-4db6-4f00-87dc-d472b17cf1bc', '281c99fc-1144-4eb9-88b8-bcf6ec56f14e');
INSERT INTO `chairtoorders` VALUES ('def9c468-3aa2-4c87-b25e-5ae464be5bcc', 3900, 1, '[\"Delivery and installation included\"]', 1, NULL, NULL, NULL, NULL, 0, '', '', '', '2022-02-16 10:41:11', '2022-02-16 10:41:11', '812e2b24-7fff-45bb-9687-3c92612acf44', 'dc47d7ad-28ef-4114-a97c-0b0ff3bb9800');
INSERT INTO `chairtoorders` VALUES ('df3ea55d-d997-4e70-9c7c-108f9f3b46ad', 4900, 1, '[]', 0, NULL, NULL, NULL, NULL, 0, '', '', '', '2022-01-27 04:14:42', '2022-01-27 04:14:42', 'ee0acdc5-0586-4658-b7e7-50aa17668740', '8fe9c173-dc8c-4e9a-a12f-def0f3ec6f8b');
INSERT INTO `chairtoorders` VALUES ('e3719f97-3c6e-4db6-85b6-ef1942f08aa5', 8200, 1, '[\"Delivery and installation included\"]', 0, NULL, NULL, NULL, NULL, 0, '', '', '', '2022-02-10 09:57:10', '2022-02-10 09:57:10', 'ea7921c6-c689-4e68-9e1d-ab06697d5e7e', '1a5009bb-8b3d-42ae-9fe6-2a5ec3a5b151');
INSERT INTO `chairtoorders` VALUES ('e984a0a2-ef73-41f5-a040-d6ac7b5457c2', 2999, 1, '[\"Stairs Surcharge\"]', 1, NULL, NULL, NULL, NULL, 0, '', '', '', '2022-01-18 05:19:01', '2022-01-18 05:19:01', '58318f1c-2c06-4d3f-8888-0f474baa3175', 'e4a9e113-ef41-4e24-92f4-bb098dce3289');
INSERT INTO `chairtoorders` VALUES ('eb947889-c325-4059-a260-3e7d70db25e3', 3900, 1, '[\"Delivery and installation included\"]', 1, NULL, NULL, NULL, NULL, 0, '', '', '', '2022-01-25 08:48:16', '2022-01-25 08:48:16', '88001442-56ec-44fa-ad79-f67ebed8fa7d', '172ca256-391c-45c8-96ab-9eba3f423cf4');
INSERT INTO `chairtoorders` VALUES ('f9d54552-a423-4fb8-9875-6c94b625ad46', 5500, 1, '[\"Delivery and installation included\"]', 0, '2022-02-05', NULL, NULL, NULL, 0, '', '', '', '2022-01-31 08:46:37', '2022-01-31 09:34:23', '1006c661-ede2-4ba9-9124-046a998c5022', '6973a8d7-c395-4aeb-bba2-9a40745902ad');
INSERT INTO `chairtoorders` VALUES ('facd482c-7a13-4828-bfd7-eb46e5b04db9', 5500, 1, '[\"Delivery and installation included\"]', 0, NULL, NULL, NULL, NULL, 0, '', '', '', '2022-02-15 06:43:56', '2022-02-15 06:43:56', '1f946781-82a1-4ddd-8661-ac0f31897a63', '6973a8d7-c395-4aeb-bba2-9a40745902ad');
INSERT INTO `chairtoorders` VALUES ('faf992a5-d1e4-4673-84d0-edd2463f3803', 11500, 1, '[]', 1, NULL, NULL, NULL, NULL, 0, '', '', '', '2022-01-28 08:04:41', '2022-01-28 08:04:41', 'dc447f6f-7343-45c7-89f4-a7b105dc80f7', '1f03a2d4-c24e-4809-a5c7-bf87c349b387');
INSERT INTO `chairtoorders` VALUES ('fb1d43df-1789-4119-a80c-3f415ed56378', 11200, 1, '[\"Delivery and installation included\"]', 1, NULL, NULL, NULL, NULL, 0, '', '', '', '2022-01-28 10:33:44', '2022-01-28 10:33:44', 'ca060d73-c6d0-4e5f-a8a3-2d93a802775f', 'f13c3abe-229b-40e7-aa26-d0b21f85175f');
INSERT INTO `chairtoorders` VALUES ('ff0ab958-ae90-4c83-913d-09f7dcb3ef30', 10000, 1, '[]', 1, NULL, NULL, NULL, NULL, 0, '', '', 'FrameColor:BLACK, SeatColor:Clay #435, BackColor:Clay #435', '2022-03-01 19:26:14', '2022-03-01 19:26:14', '1f9c2edd-5727-4097-94ba-64a7dd2402f7', '013da5f2-f1ed-4d27-8fba-1e24fb9a70de');

-- ----------------------------
-- Table structure for chairtoquotations
-- ----------------------------
DROP TABLE IF EXISTS `chairtoquotations`;
CREATE TABLE `chairtoquotations`  (
  `id` char(36) CHARACTER SET utf8mb4 COLLATE utf8mb4_bin NOT NULL,
  `unitPrice` float NOT NULL DEFAULT 1000,
  `qty` int NOT NULL DEFAULT 1,
  `deliveryOption` varchar(255) CHARACTER SET utf8mb4 COLLATE utf8mb4_general_ci NOT NULL DEFAULT 'Delivery Included',
  `remark` varchar(255) CHARACTER SET utf8mb4 COLLATE utf8mb4_general_ci NULL DEFAULT NULL,
  `createdAt` datetime NOT NULL,
  `updatedAt` datetime NOT NULL,
  `quotationId` char(36) CHARACTER SET utf8mb4 COLLATE utf8mb4_bin NULL DEFAULT NULL,
  `stockId` char(36) CHARACTER SET utf8mb4 COLLATE utf8mb4_bin NULL DEFAULT NULL,
  PRIMARY KEY (`id`) USING BTREE,
  INDEX `chairtoquotations_quotationId_foreign_idx`(`quotationId`) USING BTREE,
  INDEX `chairtoquotations_stockId_foreign_idx`(`stockId`) USING BTREE,
  CONSTRAINT `FK_chairtoquotations_quotations` FOREIGN KEY (`quotationId`) REFERENCES `quotations` (`id`) ON DELETE SET NULL ON UPDATE CASCADE,
  CONSTRAINT `chairtoquotations_stockId_foreign_idx` FOREIGN KEY (`stockId`) REFERENCES `chairstocks` (`id`) ON DELETE SET NULL ON UPDATE CASCADE
) ENGINE = InnoDB CHARACTER SET = utf8mb4 COLLATE = utf8mb4_general_ci ROW_FORMAT = Dynamic;

-- ----------------------------
-- Records of chairtoquotations
-- ----------------------------
INSERT INTO `chairtoquotations` VALUES ('01406964-ff56-4134-b73b-738f9c5b83e2', 11200, 1, '[\"Delivery and installation included\"]', 'Delivery Included', '2022-01-11 04:34:02', '2022-01-11 04:34:02', '8189e9e2-1cf8-463a-81c9-a8651f8da659', '037d48ac-6997-47b1-894b-b210f4afdd8d');
INSERT INTO `chairtoquotations` VALUES ('02053cd0-7333-45f1-9428-1d1c480dd266', 11200, 1, '[\"Delivery and installation included\"]', 'Delivery Included', '2022-01-11 04:32:32', '2022-01-11 04:32:32', 'cb62282a-8cf9-45e5-ae4b-87d014ba381f', '037d48ac-6997-47b1-894b-b210f4afdd8d');
INSERT INTO `chairtoquotations` VALUES ('5a623af2-890e-4269-8523-c246d5a3cdb2', 36200, 1, '[]', 'Delivery Included', '2022-02-20 19:22:49', '2022-02-20 19:22:49', NULL, '00a42064-3626-4e00-8e8b-b8d5b3085159');
INSERT INTO `chairtoquotations` VALUES ('6e0eb4cd-d4b6-4317-b32c-ceebd81e74ae', 36200, 1, '[]', 'FrameColor:N/A, SeatColor:___, BackColor:___', '2022-03-01 09:38:01', '2022-03-01 09:38:01', NULL, '00a42064-3626-4e00-8e8b-b8d5b3085159');
INSERT INTO `chairtoquotations` VALUES ('aa1cbcee-5a2b-4f06-ae02-d5a8da38c78f', 8099, 1, '[\"Delivery and installation included\"]', 'Delivery Included', '2022-01-29 02:15:04', '2022-01-29 02:15:04', 'f5d4273e-8065-4af3-b548-7b19a304b3ba', '365a117d-e4a2-4c31-8602-b6dd795186ba');
INSERT INTO `chairtoquotations` VALUES ('d9d02d10-e48f-4757-8f26-e675ca6a2e40', 1899, 1, '[\"Delivery and installation included\"]', 'Delivery Included', '2022-01-24 05:27:41', '2022-01-24 05:27:41', '71906cd8-daec-45e4-9084-b2c05c539d26', '0fdf510c-4f53-443e-921b-f99bc08ec3a6');

-- ----------------------------
-- Table structure for deskstocks
-- ----------------------------
DROP TABLE IF EXISTS `deskstocks`;
CREATE TABLE `deskstocks`  (
  `id` char(36) CHARACTER SET utf8mb4 COLLATE utf8mb4_bin NOT NULL,
  `supplierCode` varchar(255) CHARACTER SET utf8mb4 COLLATE utf8mb4_general_ci NOT NULL DEFAULT '',
  `model` varchar(255) CHARACTER SET utf8mb4 COLLATE utf8mb4_general_ci NOT NULL DEFAULT '',
  `color` varchar(255) CHARACTER SET utf8mb4 COLLATE utf8mb4_general_ci NOT NULL DEFAULT '',
  `armSize` varchar(255) CHARACTER SET utf8mb4 COLLATE utf8mb4_general_ci NOT NULL DEFAULT '',
  `feetSize` varchar(255) CHARACTER SET utf8mb4 COLLATE utf8mb4_general_ci NOT NULL DEFAULT '',
  `beamSize` varchar(255) CHARACTER SET utf8mb4 COLLATE utf8mb4_general_ci NOT NULL DEFAULT '',
  `remark` varchar(255) CHARACTER SET utf8mb4 COLLATE utf8mb4_general_ci NOT NULL DEFAULT '',
  `thumbnailURL` varchar(255) CHARACTER SET utf8mb4 COLLATE utf8mb4_general_ci NOT NULL DEFAULT '',
  `unitPrice` float NOT NULL DEFAULT 1000,
  `isRegistered` tinyint(1) NOT NULL DEFAULT 0,
  `balance` int NOT NULL DEFAULT 0,
  `qty` int NOT NULL DEFAULT 0,
  `shipmentDate` date NULL DEFAULT NULL,
  `arrivalDate` date NULL DEFAULT NULL,
  `createdAt` datetime NULL DEFAULT NULL,
  `updatedAt` datetime NOT NULL,
  PRIMARY KEY (`id`) USING BTREE
) ENGINE = InnoDB CHARACTER SET = utf8mb4 COLLATE = utf8mb4_general_ci ROW_FORMAT = Dynamic;

-- ----------------------------
-- Records of deskstocks
-- ----------------------------
INSERT INTO `deskstocks` VALUES ('0085f433-95b5-4605-a307-3347edf84352', 'AK', 'ZB2 Model with Side Cabinet', 'GREY', '', '', 'Regular', '', '', 8500, 0, 0, 0, NULL, NULL, '2021-12-19 16:33:15', '2021-12-28 06:52:40');
INSERT INTO `deskstocks` VALUES ('01bbd845-2844-4713-a3ad-95ccef5f3a4a', 'AK', '3 Jointed Model (H:64-129cm) -M01', 'GREY', '600', '700', 'Regular', '', 'http://blueoceanblue.com:4000/uploads/stocks/1641539904858-AK3JM01 GREY.jpg', 3700, 0, 0, 0, NULL, NULL, '2021-12-19 16:33:15', '2022-01-07 07:18:24');
INSERT INTO `deskstocks` VALUES ('044c483a-61b7-4f4b-af8c-53b0a02806a0', 'AK', '2 Jointed Model (H:69-115cm)', 'BLACK', '500', '600', 'Regular', '', '', 3850, 0, 0, 0, NULL, NULL, '2021-12-19 16:33:15', '2021-12-19 16:33:15');
INSERT INTO `deskstocks` VALUES ('0913202e-c6e4-49d9-9c69-68ab38757df9', 'AK', '2 Jointed Model (H:69-115cm)', 'GREY', '400', '500', 'Regular', '', '', 3850, 0, 0, 0, NULL, NULL, '2021-12-19 16:33:15', '2021-12-19 16:33:15');
INSERT INTO `deskstocks` VALUES ('099d4c50-9fa0-4cd4-a408-27b28a738d47', 'AK', 'ZB3 Model (H:64-129cm)', 'WHITE', '600', '700', '740-1100', '', '', 4350, 0, 0, 0, NULL, NULL, '2021-12-19 16:33:15', '2021-12-28 06:59:16');
INSERT INTO `deskstocks` VALUES ('10ecdf8a-ff85-4e2e-be08-d12fe63f6d61', 'AW', '3 Jointed Model (H:645-1295mm)', 'GREY', '575', '700', '1050-1600', '', '', 3300, 0, 0, 0, NULL, NULL, '2021-12-19 16:33:15', '2021-12-19 16:33:15');
INSERT INTO `deskstocks` VALUES ('13b10b29-1f30-4d6f-88b0-5effc049c480', 'AK', '4 Legs Model (H:64-129cm) with feet', 'BLACK', '', '', 'Regular', '', '', 8500, 0, 0, 0, NULL, NULL, '2021-12-19 16:33:15', '2021-12-19 16:33:15');
INSERT INTO `deskstocks` VALUES ('165f3add-5310-4947-9261-91dee4aa337c', 'AK', '2 Jointed Model (H:69-115cm)', 'GREY', '500', '600', '740-1100', '', '', 3850, 0, 0, 0, NULL, NULL, '2021-12-19 16:33:15', '2021-12-19 16:33:15');
INSERT INTO `deskstocks` VALUES ('17e22a56-ac72-4852-ab7f-f6590fa3b1f9', 'AK', '2 Jointed Model (H:69-115cm) -M01', 'BLACK', '500', '600', 'Regular', '', '', 3200, 1, 0, 0, NULL, NULL, '2022-02-09 07:54:02', '2022-02-09 08:01:02');
INSERT INTO `deskstocks` VALUES ('1c100a84-7262-4250-b2fe-0abcc210e268', 'AK', '2 Jointed Model (H:69-115cm)', 'BLACK', '400', '500', '740-1100', '', '', 3850, 0, 0, 0, NULL, NULL, '2021-12-19 16:33:15', '2021-12-19 16:33:15');
INSERT INTO `deskstocks` VALUES ('1de6d960-a3d6-499f-a7ef-f1683b518e91', 'AW', '3 Jointed Model (H:645-1295mm)', 'BLACK', '575', '700', '1050-1600', '', '', 3300, 0, 0, 0, NULL, NULL, '2021-12-19 16:33:15', '2021-12-19 16:33:15');
INSERT INTO `deskstocks` VALUES ('216525d3-a245-4989-a03f-8363adbdea83', 'AK', 'ZB3 Model (H:64-129cm)', 'BLACK', '500', '600', 'Regular', '', '', 4350, 0, 0, 0, NULL, NULL, '2021-12-19 16:33:15', '2021-12-28 06:58:48');
INSERT INTO `deskstocks` VALUES ('2523abdc-d777-4abc-b733-2b402f3712f2', 'AK', 'ZB3 Model (H:64-129cm)', 'GREY', '600', '700', 'Regular', '', '', 4350, 0, 0, 0, NULL, NULL, '2021-12-19 16:33:15', '2021-12-28 06:58:42');
INSERT INTO `deskstocks` VALUES ('2605476d-b7c5-463d-9799-47cda0702d3f', 'AK', 'L Shaped Model (H:64-129cm)', 'GREY', '', '', 'Regular', '', '', 6500, 0, 0, 0, NULL, NULL, '2021-12-19 16:33:15', '2021-12-19 16:33:15');
INSERT INTO `deskstocks` VALUES ('27b53164-5f6b-4080-bfb7-534331e2bfe1', 'JC', '3 Jointed Model (H:64-129cm)', 'WHITE', '', '', 'Regular', '', '', 4500, 0, 0, 0, NULL, NULL, '2021-12-19 16:33:15', '2021-12-19 16:33:15');
INSERT INTO `deskstocks` VALUES ('2e9c1818-88b1-45ac-954d-df9a679663ce', 'AK', 'ZB3 Model (H:64-129cm)', 'BLACK', '600', '700', 'Regular', '', '', 4350, 0, 0, 0, NULL, NULL, '2021-12-19 16:33:15', '2021-12-28 06:58:36');
INSERT INTO `deskstocks` VALUES ('321f2ca4-2bb1-4b4f-8b0a-65708aa3139d', 'AK', '4 Legs Model (H:64-129cm) with feet', 'WHITE', '', '', 'Regular', '', '', 8500, 0, 0, 0, NULL, NULL, '2021-12-19 16:33:15', '2021-12-19 16:33:15');
INSERT INTO `deskstocks` VALUES ('3621505a-03b5-470c-bf69-69c74f7f9b74', 'AK', '4 Legs Model (H:64-129cm) w/o feet', 'WHITE', '', '', 'Regular', '', '', 8500, 0, 0, 0, NULL, NULL, '2021-12-19 16:33:15', '2021-12-19 16:33:15');
INSERT INTO `deskstocks` VALUES ('3681e1d7-581d-4198-bf5d-2b783a9159cc', 'AK', '4 Legs Model (H:64-129cm) w/o feet', 'GREY', '', '', 'Regular', '', '', 8500, 0, 0, 0, NULL, NULL, '2021-12-19 16:33:15', '2021-12-19 16:33:15');
INSERT INTO `deskstocks` VALUES ('3934d3b2-da70-42c2-b551-1683a265a048', 'AK', 'ZB3 Model (H:64-129cm)', 'GREY', '500', '600', '740-1100', '', '', 4350, 0, 0, 0, NULL, NULL, '2021-12-19 16:33:15', '2021-12-28 06:58:30');
INSERT INTO `deskstocks` VALUES ('3a939a5f-3eb0-4127-8f6d-fa87203e07cc', 'JC', 'Single Leg Model (H:57-122cm)', 'WHITE', '', '', 'Regular', '', '', 2600, 0, 0, 0, NULL, NULL, '2021-12-19 16:33:15', '2021-12-19 16:33:15');
INSERT INTO `deskstocks` VALUES ('3c0b4e75-aaa6-4e0b-80d0-a4cbc47cc90c', 'AK', '4 Legs Model (H:64-129cm) with feet', 'GREY', '', '', 'Regular', '', '', 8500, 0, 0, 0, NULL, NULL, '2021-12-19 16:33:15', '2021-12-19 16:33:15');
INSERT INTO `deskstocks` VALUES ('42180905-95d5-474b-9d01-bce124998044', 'AK', 'ZB2 Model with Side Cabinet', 'WHITE', '', '', 'Regular', '', '', 8500, 0, 0, 0, NULL, NULL, '2021-12-19 16:33:15', '2021-12-28 06:52:45');
INSERT INTO `deskstocks` VALUES ('4397bbed-0995-4b9f-bd47-929d056f7369', 'AK', 'ZB3 Model (H:64-129cm)', 'BLACK', '600', '700', '740-1100', '', '', 4350, 0, 0, 0, NULL, NULL, '2021-12-19 16:33:15', '2021-12-28 06:59:27');
INSERT INTO `deskstocks` VALUES ('4aac6ffb-c2eb-4594-9a39-7a5fc49f4d38', 'AW', '2 Jointed Model (H:710-1190mm)', 'BLACK', '575', '700', '1050-1600', '', '', 3700, 0, 0, 0, NULL, NULL, '2021-12-19 16:33:15', '2021-12-19 16:33:15');
INSERT INTO `deskstocks` VALUES ('4b4bad6c-e1a0-4239-8bd6-bf32b4fca5cc', 'AK', '2 Jointed Model (H:69-115cm)', 'BLACK', '500', '600', '740-1100', '', '', 3850, 0, 0, 0, NULL, NULL, '2021-12-19 16:33:15', '2021-12-19 16:33:15');
INSERT INTO `deskstocks` VALUES ('4c08326f-ec26-4722-a037-cfbdf6708fb2', 'AK', '2 Jointed Model (H:69-115cm)', 'BLACK', '400', '500', 'Regular', '', '', 3850, 0, 0, 0, NULL, NULL, '2021-12-19 16:33:15', '2021-12-19 16:33:15');
INSERT INTO `deskstocks` VALUES ('518ebe45-52b1-4784-babf-d5875daea37a', 'AK', '3 Jointed Model (H:64-129cm) -M01', 'WHITE', '600', '700', 'Regular', '', '', 3700, 0, 0, 0, NULL, NULL, '2021-12-19 16:33:15', '2021-12-19 16:33:15');
INSERT INTO `deskstocks` VALUES ('52d7d8e3-94ef-4624-9d1c-744755bf6fd6', 'AK', '2 Jointed Model (H:69-115cm) -M01', 'WHITE', '600', '700', 'Regular', '', '', 3200, 0, 0, 0, NULL, NULL, '2021-12-19 16:33:15', '2021-12-19 16:33:15');
INSERT INTO `deskstocks` VALUES ('5b94ae76-ea8d-4293-9896-75df19f34b12', 'AK', '2 Jointed Model (H:69-115cm) -M01', 'GREY', '600', '700', 'Regular', '', '', 3200, 0, 0, 0, NULL, NULL, '2021-12-19 16:33:15', '2021-12-19 16:33:15');
INSERT INTO `deskstocks` VALUES ('5bb132c0-8f63-45a1-9341-ffbc64ce0cab', 'AK', 'L Shaped Model (H:64-129cm)', 'BLACK', '', '', 'Regular', '', '', 6500, 0, 0, 0, NULL, NULL, '2021-12-19 16:33:15', '2021-12-19 16:33:15');
INSERT INTO `deskstocks` VALUES ('5cce97fc-9d15-41df-bdfd-76b03a142dfd', 'AK', 'Single Leg Model (H:69-115cm)', 'BLACK', '', '', 'Regular', '', '', 2500, 0, 0, 0, NULL, NULL, '2021-12-19 16:33:15', '2021-12-19 16:33:15');
INSERT INTO `deskstocks` VALUES ('62e7d7e7-da2a-417e-9ebb-c4da98707060', 'AK', '2 Jointed Model (H:69-115cm)', 'WHITE', '500', '600', '740-1100', '', '', 3850, 0, 0, 0, NULL, NULL, '2021-12-19 16:33:15', '2021-12-19 16:33:15');
INSERT INTO `deskstocks` VALUES ('645dd172-fa1e-435a-8b69-f11a5a0c192f', 'AK', 'ZB3 Model (H:64-129cm)', 'WHITE', '500', '600', '740-1100', '', '', 4350, 0, 0, 0, NULL, NULL, '2021-12-19 16:33:15', '2021-12-28 06:59:22');
INSERT INTO `deskstocks` VALUES ('6b9db457-fea4-4e49-b1ff-0e9753f63716', 'AK', 'Single Leg Model (H:69-115cm)', 'GREY', '', '', 'Regular', '', '', 2500, 0, 0, 0, NULL, NULL, '2021-12-19 16:33:15', '2021-12-19 16:33:15');
INSERT INTO `deskstocks` VALUES ('6e26ee34-1d11-418b-a6ba-37524e3bbe97', 'JC', '3 Jointed Model (H:63-128cm)', 'BLACK', '', '', 'Regular', '', '', 4500, 0, 0, 0, NULL, NULL, '2021-12-19 16:33:15', '2021-12-19 16:33:15');
INSERT INTO `deskstocks` VALUES ('77eefaac-0254-4f74-9a1d-47f5619cd3a0', 'JC', 'Single Leg Model (H:57-122cm)', 'BLACK', '', '', 'Regular', '', '', 2600, 0, 0, 0, NULL, NULL, '2021-12-19 16:33:15', '2021-12-19 16:33:15');
INSERT INTO `deskstocks` VALUES ('78a6f1aa-f2e4-4270-861c-337272fe680f', 'AK', '3 Jointed Model with Side Cabinet', 'GREY', '', '', 'Regular', '', '', 9000, 0, 0, 0, NULL, NULL, '2021-12-19 16:33:15', '2021-12-26 04:53:24');
INSERT INTO `deskstocks` VALUES ('7b5b4781-276f-486e-ab7a-fa0b88c6752d', 'AK', 'ZB3 Model (H:64-129cm)', 'BLACK', '400', '500', '740-1100', '', '', 4350, 0, 0, 0, NULL, NULL, '2021-12-19 16:33:15', '2021-12-28 06:57:26');
INSERT INTO `deskstocks` VALUES ('7b61641e-dc8c-4796-b619-548f4aa82766', 'JC', '3 Jointed Model (H:63-128cm)', 'GREY', '', '', 'Regular', '', '', 4500, 0, 0, 0, NULL, NULL, '2021-12-19 16:33:15', '2021-12-19 16:33:15');
INSERT INTO `deskstocks` VALUES ('7d0769ae-dd8d-423b-bf32-d5bf1bbc5ded', 'AK', 'ZB3 Model (H:64-129cm)', 'WHITE', '400', '500', '740-1100', '', '', 4350, 0, 0, 0, NULL, NULL, '2021-12-19 16:33:15', '2021-12-28 06:56:39');
INSERT INTO `deskstocks` VALUES ('7dc4177c-6aaf-478c-a840-7cd18e331200', 'AK', '2 Jointed Model (H:69-115cm)', 'GREY', '500', '600', 'Regular', '', '', 3850, 0, 0, 0, NULL, NULL, '2021-12-19 16:33:15', '2021-12-19 16:33:15');
INSERT INTO `deskstocks` VALUES ('827c7da0-3325-45f6-a4e7-2f0576252764', 'AK', '2 Jointed Model (H:69-115cm)', 'WHITE', '600', '700', '740-1100', '', '', 3850, 0, 0, 0, NULL, NULL, '2021-12-19 16:33:15', '2021-12-19 16:33:15');
INSERT INTO `deskstocks` VALUES ('82e72d0c-9633-4e38-9a87-6345c8cb8f24', 'AK', '2 Jointed Model (H:69-115cm) -M01', 'BLACK', '600', '700', 'Regular', '', '', 3200, 0, 0, 0, NULL, NULL, '2021-12-19 16:33:15', '2021-12-19 16:33:15');
INSERT INTO `deskstocks` VALUES ('89fa8e21-6725-4f8f-97b0-90f97c565dda', 'AK', '3 Jointed Model with Side Cabinet', 'WHITE', '', '', 'Regular', '', '', 9000, 0, 0, 0, NULL, NULL, '2021-12-19 16:33:15', '2021-12-26 04:51:19');
INSERT INTO `deskstocks` VALUES ('8f3404b2-47a2-4613-b301-a85b1982c5ff', 'AK', '2 Jointed Model (H:69-115cm)', 'BLACK', '600', '700', '740-1100', '', '', 3850, 0, 0, 0, NULL, NULL, '2021-12-19 16:33:15', '2021-12-19 16:33:15');
INSERT INTO `deskstocks` VALUES ('904ab636-b31c-42c7-aadf-794e4ed1410d', 'AW', '2 Jointed Model (H:710-1190mm)', 'WHITE', '575', '700', '1050-1600', '', '', 3700, 0, 0, 0, NULL, NULL, '2021-12-19 16:33:15', '2021-12-19 16:33:15');
INSERT INTO `deskstocks` VALUES ('953544d9-dc61-429e-b323-159e5aaef590', 'AK', 'ZB3 Model (H:64-129cm) -M01', 'BLACK', '600', '700', 'Regular', '', 'http://blueoceanblue.com:4000/uploads/stocks/1640494630827-國產Motor.jpg', 3700, 0, 0, 0, NULL, NULL, '2021-12-19 16:33:15', '2021-12-28 06:53:17');
INSERT INTO `deskstocks` VALUES ('9635459e-afa9-44e9-896e-63bd69b84291', 'JC', '3 Jointed Model (H:64-129cm)', 'BLACK', '', '', 'Regular', '', '', 4500, 0, 0, 0, NULL, NULL, '2021-12-19 16:33:15', '2021-12-19 16:33:15');
INSERT INTO `deskstocks` VALUES ('99055f21-7326-412e-8b6d-cf9c213818ea', 'AW', '3 Jointed Model (H:645-1295mm)', 'WHITE', '575', '700', '1050-1600', '', '', 3300, 0, 0, 0, NULL, NULL, '2021-12-19 16:33:15', '2021-12-19 16:33:15');
INSERT INTO `deskstocks` VALUES ('9d4914a1-2a6e-4bc7-a170-7ee7a1fece98', 'AK', 'ZB3 Model (H:64-129cm)', 'WHITE', '600', '700', 'Regular', '', '', 4350, 0, 0, 0, NULL, NULL, '2021-12-19 16:33:15', '2021-12-28 06:55:51');
INSERT INTO `deskstocks` VALUES ('9f943ff0-69a6-44cc-8e86-cddcb43c7a51', 'JC', '3 Jointed Model (H:64-129cm)', 'GREY', '', '', 'Regular', '', '', 4500, 0, 0, 0, NULL, NULL, '2021-12-19 16:33:15', '2021-12-19 16:33:15');
INSERT INTO `deskstocks` VALUES ('a25d3aba-27cb-4929-8b71-aae89434db6b', 'AK', 'ZB2 Model (H:69-115cm)', 'GREY', '400', '500', '740-1100', '', '', 3850, 0, 0, 0, NULL, NULL, '2021-12-19 16:33:15', '2021-12-28 06:54:03');
INSERT INTO `deskstocks` VALUES ('aa2b0a41-ef5f-41f7-a214-8ba6c43931c2', 'AK', 'ZB3 Model (H:64-129cm)', 'GREY', '400', '500', 'Regular', '', '', 4350, 0, 0, 0, NULL, NULL, '2021-12-19 16:33:15', '2021-12-28 06:53:54');
INSERT INTO `deskstocks` VALUES ('aba99624-315d-4a8d-a836-8b149b5c4f0e', 'AK', 'ZB2 Model (H:69-115cm)', 'BLACK', '600', '700', 'Regular', '', '', 3850, 0, 0, 0, NULL, NULL, '2021-12-19 16:33:15', '2021-12-28 06:53:38');
INSERT INTO `deskstocks` VALUES ('b3814fe3-a28a-48e8-909b-3325f428c6fb', 'AK', 'ZB2 Model (H:69-115cm)', 'WHITE', '400', '500', '740-1100', '', '', 3850, 0, 0, 0, NULL, NULL, '2021-12-19 16:33:15', '2021-12-28 06:53:30');
INSERT INTO `deskstocks` VALUES ('b424327a-7994-4484-9db8-539c1a95c1bb', 'AK', 'L Shaped Model (H:64-129cm)', 'WHITE', '', '', 'Regular', '', '', 6500, 0, 0, 0, NULL, NULL, '2021-12-19 16:33:15', '2021-12-19 16:33:15');
INSERT INTO `deskstocks` VALUES ('ba74739a-7bf8-432c-8ca4-55a16efabade', 'AK', 'ZB3 Model (H:64-129cm)', 'BLACK', '400', '500', 'Regular', '', '', 4350, 0, 0, 0, NULL, NULL, '2021-12-19 16:33:15', '2021-12-28 06:56:28');
INSERT INTO `deskstocks` VALUES ('bba90d8b-7570-4f0c-9c72-d55a57232ef4', 'AK', 'Single Leg Model (H:69-115cm)', 'WHITE', '', '', 'Regular', '', '', 2500, 0, 0, 0, NULL, NULL, '2021-12-19 16:33:15', '2021-12-19 16:33:15');
INSERT INTO `deskstocks` VALUES ('bde904b0-11a5-4053-b0b9-e4b743c9f44d', 'AK', 'ZB3 Model (H:64-129cm)', 'GREY', '600', '700', '740-1100', '', '', 4350, 0, 0, 0, NULL, NULL, '2021-12-19 16:33:15', '2021-12-28 06:57:42');
INSERT INTO `deskstocks` VALUES ('bfff2a8c-e144-42e2-99a0-d3cff33922e8', 'AK', '3 Jointed Model with Side Cabinet', 'BLACK', '', '', 'Regular', '', '', 9000, 0, 0, 0, NULL, NULL, '2021-12-19 16:33:15', '2021-12-26 04:52:29');
INSERT INTO `deskstocks` VALUES ('c5277662-cd2d-4071-9742-6308ae9f5047', 'JC', 'Single Leg Model (H:57-122cm)', 'GREY', '', '', 'Regular', '', '', 2600, 0, 0, 0, NULL, NULL, '2021-12-19 16:33:15', '2021-12-19 16:33:15');
INSERT INTO `deskstocks` VALUES ('c73eafe1-e2b0-4f23-ad29-d44f9933b53f', 'JC', '3 Jointed Model (H:63-128cm)', 'WHITE', '', '', 'Regular', '', '', 4500, 0, 0, 0, NULL, NULL, '2021-12-19 16:33:15', '2021-12-19 16:33:15');
INSERT INTO `deskstocks` VALUES ('c78d5647-6bbc-4d98-942a-217454690cf1', 'AK', 'ZB3 Model (H:64-129cm)', 'GREY', '500', '600', 'Regular', '', '', 4350, 0, 0, 0, NULL, NULL, '2021-12-19 16:33:15', '2021-12-28 06:57:34');
INSERT INTO `deskstocks` VALUES ('cbf5495b-7005-429b-8f33-fcc6790a0747', 'AK', '2 Jointed Model (H:69-115cm)', 'WHITE', '400', '500', 'Regular', '', '', 3850, 0, 0, 0, NULL, NULL, '2021-12-19 16:33:15', '2021-12-19 16:33:15');
INSERT INTO `deskstocks` VALUES ('d09bf992-d4b5-4da4-8ea7-665b953a86b9', 'AK', '2 Jointed Model (H:69-115cm)', 'GREY', '600', '700', 'Regular', '', '', 3850, 0, 0, 0, NULL, NULL, '2021-12-19 16:33:15', '2021-12-19 16:33:15');
INSERT INTO `deskstocks` VALUES ('d37aa609-f385-491d-9fed-171daea76d60', 'AK', '2 Jointed Model (H:69-115cm)', 'GREY', '600', '700', '740-1100', '', '', 3850, 0, 0, 0, NULL, NULL, '2021-12-19 16:33:15', '2021-12-19 16:33:15');
INSERT INTO `deskstocks` VALUES ('d469e1a9-0c6e-4bb4-8a2c-6552356ba321', 'AK', 'ZB3 Model (H:64-129cm)', 'GREY', '400', '500', '740-1100', '', '', 4350, 0, 0, 0, NULL, NULL, '2021-12-19 16:33:15', '2021-12-28 06:57:19');
INSERT INTO `deskstocks` VALUES ('de3f462b-6dfc-4b53-8cff-411300f40c3b', 'AW', '2 Jointed Model (H:710-1190mm)', 'GREY', '575', '700', '1050-1600', '', '', 3700, 0, 0, 0, NULL, NULL, '2021-12-19 16:33:15', '2021-12-19 16:33:15');
INSERT INTO `deskstocks` VALUES ('e7f656ad-bbba-4242-bd22-5586236f740b', 'AK', '2 Jointed Model (H:69-115cm)', 'WHITE', '500', '600', 'Regular', '', '', 3850, 0, 0, 0, NULL, NULL, '2021-12-19 16:33:15', '2021-12-19 16:33:15');
INSERT INTO `deskstocks` VALUES ('ef1a266e-bd6d-476b-9df7-6443a620bc50', 'AK', '2 Jointed Model (H:69-115cm)', 'WHITE', '600', '700', 'Regular', '', '', 3850, 0, 0, 0, NULL, NULL, '2021-12-19 16:33:15', '2021-12-19 16:33:15');
INSERT INTO `deskstocks` VALUES ('f231433c-64b8-42a3-b4e2-d7bef607ba3e', 'AK', 'ZB3 Model (H:64-129cm)', 'BLACK', '500', '600', '740-1100', '', '', 4350, 0, 0, 0, NULL, NULL, '2021-12-19 16:33:15', '2021-12-28 06:57:11');
INSERT INTO `deskstocks` VALUES ('f29e316d-6fc9-4838-8aab-a1346fd68051', 'AK', 'ZB3 Model (H:64-129cm)', 'WHITE', '400', '500', 'Regular', '', '', 4350, 0, 0, 0, NULL, NULL, '2021-12-19 16:33:15', '2021-12-28 06:57:04');
INSERT INTO `deskstocks` VALUES ('f9c872d4-3078-49cb-98a1-6bad5ee95dcf', 'AK', 'ZB2 with Side Cabinet', 'BLACK', '', '', 'Regular', '', '', 8500, 0, 0, 0, NULL, NULL, '2021-12-19 16:33:15', '2021-12-28 06:52:31');
INSERT INTO `deskstocks` VALUES ('fdd95cf6-dc38-4071-9253-e879222abcd4', 'AK', 'ZB3 Model (H:64-129cm)', 'WHITE', '500', '600', 'Regular', '', '', 4350, 0, 0, 0, NULL, NULL, '2021-12-19 16:33:15', '2021-12-28 06:56:52');
INSERT INTO `deskstocks` VALUES ('fff964d4-fc2c-4fca-b046-91898db546c4', 'AK', '4 Legs Model (H:64-129cm) w/o feet', 'BLACK', '', '', 'Regular', '', '', 8500, 0, 0, 0, NULL, NULL, '2021-12-19 16:33:15', '2021-12-19 16:33:15');

-- ----------------------------
-- Table structure for desktoorders
-- ----------------------------
DROP TABLE IF EXISTS `desktoorders`;
CREATE TABLE `desktoorders`  (
  `id` char(36) CHARACTER SET utf8mb4 COLLATE utf8mb4_bin NOT NULL,
  `hasDeskTop` tinyint(1) NOT NULL DEFAULT 0,
  `topMaterial` varchar(255) CHARACTER SET utf8mb4 COLLATE utf8mb4_general_ci NOT NULL DEFAULT '',
  `topColor` varchar(255) CHARACTER SET utf8mb4 COLLATE utf8mb4_general_ci NOT NULL DEFAULT '',
  `topLength` float NOT NULL DEFAULT 800,
  `topWidth` float NOT NULL DEFAULT 600,
  `topThickness` float NOT NULL DEFAULT 25,
  `topRoundedCorners` int NOT NULL DEFAULT 0,
  `topCornerRadius` float NOT NULL DEFAULT 0,
  `topHoleCount` int NOT NULL DEFAULT 0,
  `topHoleType` varchar(255) CHARACTER SET utf8mb4 COLLATE utf8mb4_general_ci NOT NULL DEFAULT 'Rounded',
  `topHolePosition` varchar(255) CHARACTER SET utf8mb4 COLLATE utf8mb4_general_ci NOT NULL DEFAULT 'Rounded',
  `topSketchURL` varchar(255) CHARACTER SET utf8mb4 COLLATE utf8mb4_general_ci NOT NULL DEFAULT '',
  `unitPrice` float NOT NULL DEFAULT 1000,
  `qty` int NOT NULL DEFAULT 1,
  `deliveryOption` varchar(255) CHARACTER SET utf8mb4 COLLATE utf8mb4_general_ci NOT NULL DEFAULT 'Delivery Included',
  `preOrder` tinyint(1) NOT NULL DEFAULT 0,
  `preDeliveryDate` date NULL DEFAULT NULL,
  `estDeliveryDate` date NULL DEFAULT NULL,
  `from` time NULL DEFAULT NULL,
  `to` time NULL DEFAULT NULL,
  `delivered` tinyint(1) NOT NULL DEFAULT 0,
  `akNum` varchar(255) CHARACTER SET utf8mb4 COLLATE utf8mb4_general_ci NOT NULL DEFAULT '',
  `heworkNum` varchar(255) CHARACTER SET utf8mb4 COLLATE utf8mb4_general_ci NOT NULL DEFAULT '',
  `signURL` varchar(255) CHARACTER SET utf8mb4 COLLATE utf8mb4_general_ci NOT NULL DEFAULT '',
  `remark` varchar(255) CHARACTER SET utf8mb4 COLLATE utf8mb4_general_ci NULL DEFAULT '',
  `createdAt` datetime NOT NULL,
  `updatedAt` datetime NOT NULL,
  `orderId` char(36) CHARACTER SET utf8mb4 COLLATE utf8mb4_bin NULL DEFAULT NULL,
  `stockId` char(36) CHARACTER SET utf8mb4 COLLATE utf8mb4_bin NULL DEFAULT NULL,
  PRIMARY KEY (`id`) USING BTREE,
  INDEX `desktoorders_orderId_foreign_idx`(`orderId`) USING BTREE,
  INDEX `desktoorders_stockId_foreign_idx`(`stockId`) USING BTREE,
  CONSTRAINT `desktoorders_orderId_foreign_idx` FOREIGN KEY (`orderId`) REFERENCES `salesorders` (`id`) ON DELETE CASCADE ON UPDATE CASCADE,
  CONSTRAINT `desktoorders_stockId_foreign_idx` FOREIGN KEY (`stockId`) REFERENCES `deskstocks` (`id`) ON DELETE SET NULL ON UPDATE CASCADE
) ENGINE = InnoDB CHARACTER SET = utf8mb4 COLLATE = utf8mb4_general_ci ROW_FORMAT = Dynamic;

-- ----------------------------
-- Records of desktoorders
-- ----------------------------
INSERT INTO `desktoorders` VALUES ('1ace0ce1-6764-4fac-96c1-3a4d4ec97237', 1, 'Melamine', '', 1500, 750, 25, 4, 50, 0, 'Rounded', 'Rounded', 'http://blueoceanblue.com:4000/uploads/sketch/1640093286255.png', 5500, 1, '[\"Delivery and installation included\",\"Stairs Surcharge\"]', 1, NULL, NULL, NULL, NULL, 0, '', '', '', '', '2021-12-21 13:28:06', '2021-12-21 13:28:06', 'd40d5fb0-fc2e-4b72-87ea-ba9d9d4a1f1b', '953544d9-dc61-429e-b323-159e5aaef590');
INSERT INTO `desktoorders` VALUES ('4402902e-c1aa-458c-b40c-7a81d2079724', 1, 'Laminate', 'G450', 1000, 750, 20, 4, 50, 2, 'Rounded', 'Rounded', 'http://blueoceanblue.com:4000/uploads/sketch/1643962843046.png', 6500, 1, '[\"Delivery and installation included\"]', 1, NULL, NULL, NULL, NULL, 0, '', '', '', '', '2022-02-04 08:25:01', '2022-02-04 08:25:01', '2826adc0-64b1-4bb6-8aea-0bc89a78202b', '9d4914a1-2a6e-4bc7-a170-7ee7a1fece98');
INSERT INTO `desktoorders` VALUES ('447c48bc-738d-436d-9c87-967f3918823d', 1, 'Melamine', '', 700, 400, 25, 0, 0, 0, 'Rounded', '', 'http://localhost:4000/uploads/sketch/1646389036561.png', 8500, 1, '[]', 1, NULL, NULL, NULL, NULL, 0, '', '', '', '', '2022-03-04 10:17:16', '2022-03-04 10:17:16', 'ccb05b42-64df-4995-ae84-9c2ed7ca8e93', '0085f433-95b5-4605-a307-3347edf84352');
INSERT INTO `desktoorders` VALUES ('4d3cffdc-d054-48ef-8e32-37584ae06154', 1, 'Melamine', '', 700, 400, 25, 0, 0, 3, 'Rounded', 'Left_Right_Center', 'http://localhost:4000/uploads/sketch/1646391111050.png', 8500, 1, '[]', 1, NULL, NULL, NULL, NULL, 0, '', '', '', 'sdfs', '2022-03-04 10:51:51', '2022-03-04 10:51:51', 'e3f60d47-4a31-4e60-b033-d80dc52aa597', '0085f433-95b5-4605-a307-3347edf84352');
INSERT INTO `desktoorders` VALUES ('4dade1c4-851d-4c7d-a191-ab28af387263', 1, 'Melamine', '', 700, 400, 25, 0, 0, 2, 'Rounded', 'Left_Right', 'http://localhost:4000/uploads/sketch/1646389269816.png', 8500, 1, '[]', 1, NULL, NULL, NULL, NULL, 0, '', '', '', '', '2022-03-04 10:21:10', '2022-03-04 10:21:10', '1388a427-c377-47aa-af95-407a8b006dec', '0085f433-95b5-4605-a307-3347edf84352');
INSERT INTO `desktoorders` VALUES ('560aa033-ac0f-47e5-8a99-767c768bd252', 1, 'North American Walnut', '', 1100, 680, 26, 4, 50, 0, 'Rounded', 'Rounded', 'http://blueoceanblue.com:4000/uploads/sketch/1643980899766.png', 9000, 1, '[\"Delivery and installation included\"]', 1, NULL, NULL, NULL, NULL, 0, '', '', '', '', '2022-02-04 13:21:40', '2022-02-04 13:21:40', '6475d8f7-3b29-417e-89ee-d347b1588d9d', 'aba99624-315d-4a8d-a836-8b149b5c4f0e');
INSERT INTO `desktoorders` VALUES ('66dd96d0-6fc6-4b7a-9ad5-20714d6a3188', 1, 'Red Oak', '', 1600, 600, 26, 4, 50, 1, 'Rectangular', 'Rounded', 'http://blueoceanblue.com:4000/uploads/sketch/1645169698716.png', 12000, 1, '[\"Delivery and installation included\"]', 1, NULL, NULL, NULL, NULL, 0, '', '', '', '', '2022-02-18 07:34:58', '2022-02-18 07:34:58', 'ce0f2727-ca05-4a49-82db-3f011bc48102', 'fdd95cf6-dc38-4071-9253-e879222abcd4');
INSERT INTO `desktoorders` VALUES ('736218f8-a881-427d-be8f-ea706434e25e', 1, 'Melamine', 'M78', 1000, 550, 25, 4, 50, 1, 'Rounded', 'Rounded', 'http://blueoceanblue.com:4000/uploads/sketch/1643966265030.png', 5500, 1, '[\"Delivery and installation included\"]', 1, NULL, NULL, NULL, NULL, 0, '', '', '', '', '2022-02-04 09:18:07', '2022-02-04 09:18:07', '4fc7d54a-ab6b-4e50-86df-ed7bd6d215b6', '7d0769ae-dd8d-423b-bf32-d5bf1bbc5ded');
INSERT INTO `desktoorders` VALUES ('7908c168-de7b-4575-9d12-62b93b40d48c', 0, '', '', 0, 0, 0, 0, 50, 0, '', 'Left', '', 8500, 3, '[]', 1, NULL, NULL, NULL, NULL, 0, '', '', '', '', '2022-05-02 12:51:36', '2022-05-02 12:51:36', 'de51e5a7-3fa7-4d1d-bdb9-ef7f1feda157', '0085f433-95b5-4605-a307-3347edf84352');
INSERT INTO `desktoorders` VALUES ('7bc66e20-68c0-4757-9fe8-c4ea0310541a', 1, 'Laminate', 'dh314', 1100, 600, 25, 4, 50, 2, 'Rounded', 'Rounded', 'http://blueoceanblue.com:4000/uploads/sketch/1641979880289.png', 6000, 1, '[\"Delivery and installation included\"]', 1, NULL, NULL, NULL, NULL, 0, '', '', '', '', '2022-01-12 09:32:04', '2022-01-12 09:32:04', '1b56d5a9-be7f-4280-b057-1480b1805fc8', 'aba99624-315d-4a8d-a836-8b149b5c4f0e');
INSERT INTO `desktoorders` VALUES ('a4547824-f7e3-478d-8d28-9e271a2ab4d1', 1, 'Melamine', 'HW-M16', 1600, 800, 25, 0, 50, 2, 'Rounded', 'Rounded', 'http://blueoceanblue.com:4000/uploads/sketch/1644672892395.png', 4999, 1, '[\"Delivery and installation included\"]', 1, NULL, NULL, NULL, NULL, 0, '', '', '', '', '2022-02-13 08:26:08', '2022-02-13 08:26:08', '062be3df-bb79-4126-b1b3-61fece49abc8', 'ef1a266e-bd6d-476b-9df7-6443a620bc50');
INSERT INTO `desktoorders` VALUES ('af07f4cf-5f43-4a70-930b-c578ee840131', 1, 'Laminate', 'DH101', 1550, 750, 25, 4, 50, 0, 'Rounded', 'Rounded', 'http://blueoceanblue.com:4000/uploads/sketch/1642588356704.png', 6400, 1, '[\"Delivery and installation included\"]', 1, NULL, NULL, NULL, NULL, 0, '', '', '', '', '2022-01-19 11:15:43', '2022-01-19 11:15:43', '67a2374b-6533-41ea-aef7-806faac0f7f9', 'ef1a266e-bd6d-476b-9df7-6443a620bc50');
INSERT INTO `desktoorders` VALUES ('c9b78cac-85cb-48a6-9569-1644b9c6b3f6', 1, 'North American Walnut', 'Dark Brown', 1500, 750, 45, 0, 50, 0, 'Rounded', 'Rounded', 'http://blueoceanblue.com:4000/uploads/sketch/1644995477920.png', 13000, 1, '[\"Delivery and installation included\"]', 1, NULL, NULL, NULL, NULL, 0, '', '', '', '', '2022-02-16 07:11:18', '2022-02-16 07:11:18', '2345fd43-1b30-41b0-9e7f-ca44705f60a1', '2e9c1818-88b1-45ac-954d-df9a679663ce');
INSERT INTO `desktoorders` VALUES ('e43a34da-31de-4d8a-bc4f-847d060bbd1e', 1, 'Melamine', '', 700, 400, 25, 0, 0, 2, 'Rounded', 'Left_Right', 'http://localhost:4000/uploads/sketch/1646391026593.png', 8500, 1, '[]', 1, NULL, NULL, NULL, NULL, 0, '', '', '', 'sdfs', '2022-03-04 10:50:26', '2022-03-04 10:50:26', '1e7052d2-b053-4d0e-b3fb-5f3c82e14f7e', '0085f433-95b5-4605-a307-3347edf84352');
INSERT INTO `desktoorders` VALUES ('f268a07c-97ed-4266-a9df-b2c98b820929', 1, 'Maple', '', 1200, 600, 25, 0, 50, 2, 'Rounded', 'Rounded', 'http://blueoceanblue.com:4000/uploads/sketch/1643948603629.png', 5000, 1, '[\"Delivery and installation included\"]', 1, NULL, NULL, NULL, NULL, 0, '', '', '', '', '2022-02-04 04:25:23', '2022-02-04 04:25:23', '26162033-88a3-47f2-a9f9-d0712e76f4be', 'ef1a266e-bd6d-476b-9df7-6443a620bc50');
INSERT INTO `desktoorders` VALUES ('f62da27f-de77-41f3-b2b2-eba023679f47', 1, 'Melamine', '', 700, 400, 25, 4, 0, 3, 'Rounded', 'Left_Right_Center', 'http://localhost:4000/uploads/sketch/1646390304164.png', 8500, 1, '[]', 1, NULL, NULL, NULL, NULL, 0, '', '', '', '', '2022-03-04 10:38:24', '2022-03-04 10:38:24', 'a7ef953c-67d9-430c-8a45-c4051a093297', '0085f433-95b5-4605-a307-3347edf84352');

-- ----------------------------
-- Table structure for desktoquotations
-- ----------------------------
DROP TABLE IF EXISTS `desktoquotations`;
CREATE TABLE `desktoquotations`  (
  `id` char(36) CHARACTER SET utf8mb4 COLLATE utf8mb4_bin NOT NULL,
  `hasDeskTop` tinyint(1) NOT NULL DEFAULT 0,
  `topMaterial` varchar(255) CHARACTER SET utf8mb4 COLLATE utf8mb4_general_ci NOT NULL DEFAULT '',
  `topColor` varchar(255) CHARACTER SET utf8mb4 COLLATE utf8mb4_general_ci NOT NULL DEFAULT '',
  `topLength` float NOT NULL DEFAULT 800,
  `topWidth` float NOT NULL DEFAULT 600,
  `topThickness` float NOT NULL DEFAULT 25,
  `topRoundedCorners` int NOT NULL DEFAULT 0,
  `topCornerRadius` float NOT NULL DEFAULT 0,
  `topHoleCount` int NOT NULL DEFAULT 0,
  `topHoleType` varchar(255) CHARACTER SET utf8mb4 COLLATE utf8mb4_general_ci NOT NULL DEFAULT 'Rounded',
  `topHolePosition` varchar(255) CHARACTER SET utf8mb4 COLLATE utf8mb4_general_ci NOT NULL DEFAULT 'Left',
  `topSketchURL` varchar(255) CHARACTER SET utf8mb4 COLLATE utf8mb4_general_ci NOT NULL DEFAULT '',
  `unitPrice` float NOT NULL DEFAULT 1000,
  `qty` int NOT NULL DEFAULT 1,
  `deliveryOption` varchar(255) CHARACTER SET utf8mb4 COLLATE utf8mb4_general_ci NOT NULL DEFAULT 'Delivery Included',
  `remark` varchar(255) CHARACTER SET utf8mb4 COLLATE utf8mb4_general_ci NULL DEFAULT NULL,
  `createdAt` datetime NOT NULL,
  `updatedAt` datetime NOT NULL,
  `quotationId` char(36) CHARACTER SET utf8mb4 COLLATE utf8mb4_bin NULL DEFAULT NULL,
  `stockId` char(36) CHARACTER SET utf8mb4 COLLATE utf8mb4_bin NULL DEFAULT NULL,
  PRIMARY KEY (`id`) USING BTREE,
  INDEX `desktoquotations_quotationId_foreign_idx`(`quotationId`) USING BTREE,
  INDEX `desktoquotations_stockId_foreign_idx`(`stockId`) USING BTREE,
  CONSTRAINT `FK_desktoquotations_quotations` FOREIGN KEY (`quotationId`) REFERENCES `quotations` (`id`) ON DELETE SET NULL ON UPDATE CASCADE,
  CONSTRAINT `desktoquotations_stockId_foreign_idx` FOREIGN KEY (`stockId`) REFERENCES `deskstocks` (`id`) ON DELETE SET NULL ON UPDATE CASCADE
) ENGINE = InnoDB CHARACTER SET = utf8mb4 COLLATE = utf8mb4_general_ci ROW_FORMAT = Dynamic;

-- ----------------------------
-- Records of desktoquotations
-- ----------------------------
INSERT INTO `desktoquotations` VALUES ('163e4e45-f808-4d9d-885d-74b8c520f110', 1, 'Melamine', '', 1600, 750, 25, 2, 50, 2, 'Rounded', 'Left', 'http://blueoceanblue.com:4000/uploads/sketch/1641875552495.png', 5500, 1, '[\"Delivery and installation included\"]', 'Delivery Included', '2022-01-11 04:32:32', '2022-01-11 04:32:32', 'cb62282a-8cf9-45e5-ae4b-87d014ba381f', '953544d9-dc61-429e-b323-159e5aaef590');
INSERT INTO `desktoquotations` VALUES ('176e7c1d-1216-429a-a93c-7715473ecab4', 1, 'Melamine', 'HW-M17', 1500, 850, 25, 2, 50, 1, 'Rectangular', 'Left', 'http://blueoceanblue.com:4000/uploads/sketch/1644916939301.png', 4000, 2, '[\"Delivery and installation included\"]', 'Delivery Included', '2022-02-15 09:22:19', '2022-02-15 09:22:19', '6df1f5d1-57c7-43df-afdc-3f8e73c42865', '52d7d8e3-94ef-4624-9d1c-744755bf6fd6');
INSERT INTO `desktoquotations` VALUES ('31ef5e1d-10d0-4929-ac5b-6e202c2a9d9f', 1, 'Melamine', 'HW-M83', 1500, 1500, 25, 2, 50, 1, 'Rounded', 'Left', 'http://blueoceanblue.com:4000/uploads/sketch/1641876448440.png', 8500, 1, '[\"Delivery and installation included\"]', 'Delivery Included', '2022-01-11 04:47:28', '2022-01-11 04:47:28', 'a24a59bc-e33d-4184-b9a5-8371260b9461', '2605476d-b7c5-463d-9799-47cda0702d3f');
INSERT INTO `desktoquotations` VALUES ('345b8fe3-6cb3-42dd-995b-b0a536092c79', 1, 'Melamine', 'HW-M83', 1000, 600, 25, 2, 50, 0, 'Rounded', 'Left', 'http://blueoceanblue.com:4000/uploads/sketch/1641876448005.png', 5500, 1, '[\"Delivery and installation included\"]', 'Delivery Included', '2022-01-11 04:47:28', '2022-01-11 04:47:28', 'a24a59bc-e33d-4184-b9a5-8371260b9461', 'aa2b0a41-ef5f-41f7-a214-8ba6c43931c2');
INSERT INTO `desktoquotations` VALUES ('96307e60-8a75-4626-aa07-fb56973fff6f', 1, 'Melamine', '', 700, 400, 25, 0, 50, 0, 'Rounded', 'Left', 'http://blueoceanblue.com:4000/uploads/sketch/1644392857314.png', 3850, 1, '[\"Delivery and installation included\"]', 'Delivery Included', '2022-02-19 10:02:06', '2022-02-19 10:02:06', '9a865d3f-f5bb-4274-a97c-fd988bd5f093', '044c483a-61b7-4f4b-af8c-53b0a02806a0');

-- ----------------------------
-- Table structure for quotations
-- ----------------------------
DROP TABLE IF EXISTS `quotations`;
CREATE TABLE `quotations`  (
  `id` char(36) CHARACTER SET utf8mb4 COLLATE utf8mb4_bin NOT NULL,
  `quotationNum` int NOT NULL DEFAULT 0,
  `name` varchar(255) CHARACTER SET utf8mb4 COLLATE utf8mb4_general_ci NOT NULL DEFAULT '',
  `district` varchar(255) CHARACTER SET utf8mb4 COLLATE utf8mb4_general_ci NOT NULL DEFAULT '',
  `street` varchar(255) CHARACTER SET utf8mb4 COLLATE utf8mb4_general_ci NOT NULL DEFAULT '',
  `block` varchar(255) CHARACTER SET utf8mb4 COLLATE utf8mb4_general_ci NOT NULL DEFAULT '',
  `floor` varchar(255) CHARACTER SET utf8mb4 COLLATE utf8mb4_general_ci NOT NULL DEFAULT '',
  `unit` varchar(255) CHARACTER SET utf8mb4 COLLATE utf8mb4_general_ci NOT NULL DEFAULT '',
  `phone` varchar(255) CHARACTER SET utf8mb4 COLLATE utf8mb4_general_ci NOT NULL DEFAULT '',
  `email` varchar(255) CHARACTER SET utf8mb4 COLLATE utf8mb4_general_ci NOT NULL DEFAULT '',
  `timeLine` int NOT NULL DEFAULT 10,
  `remark` varchar(255) CHARACTER SET utf8mb4 COLLATE utf8mb4_general_ci NOT NULL DEFAULT '',
  `paymentTerms` varchar(255) CHARACTER SET utf8mb4 COLLATE utf8mb4_general_ci NOT NULL DEFAULT '',
  `validTil` int NOT NULL DEFAULT 1,
  `discount` float NOT NULL DEFAULT 0,
  `discountType` int NOT NULL DEFAULT 1,
  `surcharge` float NOT NULL DEFAULT 0,
  `surchargeType` int NOT NULL DEFAULT 1,
  `finished` tinyint(1) NOT NULL DEFAULT 0,
  `isPreorder` tinyint(1) NOT NULL DEFAULT 0,
  `createdAt` datetime NOT NULL,
  `updatedAt` datetime NOT NULL,
  `sellerId` char(36) CHARACTER SET utf8mb4 COLLATE utf8mb4_bin NULL DEFAULT NULL,
  PRIMARY KEY (`id`) USING BTREE,
  INDEX `quotations_sellerId_foreign_idx`(`sellerId`) USING BTREE,
  CONSTRAINT `quotations_sellerId_foreign_idx` FOREIGN KEY (`sellerId`) REFERENCES `users` (`id`) ON DELETE SET NULL ON UPDATE CASCADE
) ENGINE = InnoDB CHARACTER SET = utf8mb4 COLLATE = utf8mb4_general_ci ROW_FORMAT = Dynamic;

-- ----------------------------
-- Records of quotations
-- ----------------------------
INSERT INTO `quotations` VALUES ('34ab546f-71c7-41ca-adf9-e1c17fe21333', 12, 'Andy Leung', 'Kowloon', '22A, Morrison Plaza, 9 Morrison Hill Rd, Wanchai, Hong Kong', 'Building 19W', '12', '1201–1206', '+980 8968', 'andykleung@gmail.com', 28, '', '50% Upfront, 50% CBD', 2, 0, 1, 0, 1, 0, 0, '2021-12-28 08:17:27', '2021-12-28 08:17:27', 'e98936a8-0c72-46cb-bf25-be0ba3bde750');
INSERT INTO `quotations` VALUES ('6df1f5d1-57c7-43df-afdc-3f8e73c42865', 21, 'Mr. Chiu (Computer)', '', 'Concordia Lutheran School - 20 Cloud View Road, North Point, HK', '', '', '', '+852 2570 0331', '', 28, '92023924', '100% Cheque', 1, 0, 1, 0, 1, 0, 0, '2022-02-15 09:22:19', '2022-02-15 09:22:19', '47324cff-bc23-42e2-9911-19f8e07957cf');
INSERT INTO `quotations` VALUES ('71906cd8-daec-45e4-9084-b2c05c539d26', 17, 'Jason Pang c/o The Neighbourhood Advice-Action Council', 'North Point', '', '', '', '', '+852 2527 4567', 'ado2@naac.org.hk', 42, '', '100% Bank transfer', 2, 10, 0, 0, 1, 0, 0, '2022-01-24 05:27:41', '2022-01-24 05:27:41', 'e98936a8-0c72-46cb-bf25-be0ba3bde750');
INSERT INTO `quotations` VALUES ('8189e9e2-1cf8-463a-81c9-a8651f8da659', 14, 'Andy Leung', 'Kowloon', '22A, Morrison Plaza, 9 Morrison Hill Rd, Wanchai, Hong Kong', '', '', '', '+980 8968', 'andykleung@gmail.com', 14, '12 years warranty on parts included', '100% Bank transfer', 1, 0, 1, 0, 1, 0, 0, '2022-01-11 04:28:46', '2022-01-11 04:28:46', 'e98936a8-0c72-46cb-bf25-be0ba3bde750');
INSERT INTO `quotations` VALUES ('9a865d3f-f5bb-4274-a97c-fd988bd5f093', 20, 'Reiley Ting', '', 'Flat 2, 1/F, Blk Tsui House,, Hiu Tsui Court, Siu Sai Wan', '', '', '', '+917 0724 0', '', 0, '', '100% Credit Card', 1, 0, 1, 0, 1, 0, 0, '2022-02-09 07:47:37', '2022-02-19 10:02:06', '47324cff-bc23-42e2-9911-19f8e07957cf');
INSERT INTO `quotations` VALUES ('a24a59bc-e33d-4184-b9a5-8371260b9461', 16, 'Andy Leung', 'Kowloon', '22A, Morrison Plaza, 9 Morrison Hill Rd, Wanchai, Hong Kong', '4', '', '', '+980 8968', 'andykleung@gmail.com', 0, '', '100% Bank transfer', 1, 10, 0, 250, 1, 0, 0, '2022-01-11 04:47:27', '2022-01-11 04:47:27', 'e98936a8-0c72-46cb-bf25-be0ba3bde750');
INSERT INTO `quotations` VALUES ('b356c03e-ec1d-4f95-b573-72cc803f7d9b', 19, 'Reiley Ting', '', 'Flat 2, 1/F, Blk Tsui House,, Hiu Tsui Court, Siu Sai Wan', '', '', '', '+917 0724 0', '', 0, '', '100% Bank Transfer', 1, 0, 1, 0, 1, 0, 0, '2022-02-09 07:47:06', '2022-02-09 07:47:06', '47324cff-bc23-42e2-9911-19f8e07957cf');
INSERT INTO `quotations` VALUES ('cb62282a-8cf9-45e5-ae4b-87d014ba381f', 15, 'Andy Leung', 'Kowloon', '22A, Morrison Plaza, 9 Morrison Hill Rd, Wanchai, Hong Kong', '4', '', '', '+980 8968', 'andykleung@gmail.com', 28, '12 years warranty on parts included', '100% Bank transfer', 1, 500, 1, 0, 1, 0, 0, '2022-01-11 04:32:31', '2022-01-11 04:32:31', 'e98936a8-0c72-46cb-bf25-be0ba3bde750');
INSERT INTO `quotations` VALUES ('f5d4273e-8065-4af3-b548-7b19a304b3ba', 13, 'Crystal Ng c/o HKSH', 'Hong Kong', '', '', '', '', '+852', 'Crystal.WT.Ng@hksh.com', 7, '', 'Net 30 days', 1, 0, 1, 0, 1, 0, 0, '2022-01-06 07:41:13', '2022-01-29 02:13:59', 'e98936a8-0c72-46cb-bf25-be0ba3bde750');

-- ----------------------------
-- Table structure for salesorders
-- ----------------------------
DROP TABLE IF EXISTS `salesorders`;
CREATE TABLE `salesorders`  (
  `id` char(36) CHARACTER SET utf8mb4 COLLATE utf8mb4_bin NOT NULL,
  `invoiceNum` int NOT NULL DEFAULT 0,
  `name` varchar(255) CHARACTER SET utf8mb4 COLLATE utf8mb4_general_ci NOT NULL DEFAULT '',
  `district` varchar(255) CHARACTER SET utf8mb4 COLLATE utf8mb4_general_ci NOT NULL DEFAULT '',
  `street` varchar(255) CHARACTER SET utf8mb4 COLLATE utf8mb4_general_ci NOT NULL DEFAULT '',
  `block` varchar(255) CHARACTER SET utf8mb4 COLLATE utf8mb4_general_ci NOT NULL DEFAULT '',
  `floor` varchar(255) CHARACTER SET utf8mb4 COLLATE utf8mb4_general_ci NOT NULL DEFAULT '',
  `unit` varchar(255) CHARACTER SET utf8mb4 COLLATE utf8mb4_general_ci NOT NULL DEFAULT '',
  `phone` varchar(255) CHARACTER SET utf8mb4 COLLATE utf8mb4_general_ci NOT NULL DEFAULT '',
  `email` varchar(255) CHARACTER SET utf8mb4 COLLATE utf8mb4_general_ci NOT NULL DEFAULT '',
  `timeLine` int NOT NULL DEFAULT 10,
  `remark` varchar(255) CHARACTER SET utf8mb4 COLLATE utf8mb4_general_ci NOT NULL DEFAULT '',
  `signURL` varchar(255) CHARACTER SET utf8mb4 COLLATE utf8mb4_general_ci NOT NULL DEFAULT '',
  `paid` tinyint(1) NOT NULL DEFAULT 0,
  `paymentTerms` varchar(255) CHARACTER SET utf8mb4 COLLATE utf8mb4_general_ci NOT NULL DEFAULT '',
  `dueDate` date NULL DEFAULT NULL,
  `discount` float NOT NULL DEFAULT 0,
  `discountType` int NOT NULL DEFAULT 1,
  `surcharge` float NOT NULL DEFAULT 0,
  `surchargeType` int NOT NULL DEFAULT 1,
  `finished` tinyint(1) NOT NULL DEFAULT 0,
  `isPreorder` tinyint(1) NOT NULL DEFAULT 0,
  `createdAt` datetime NOT NULL,
  `updatedAt` datetime NOT NULL,
  `sellerId` char(36) CHARACTER SET utf8mb4 COLLATE utf8mb4_bin NULL DEFAULT NULL,
  PRIMARY KEY (`id`) USING BTREE,
  INDEX `salesorders_sellerId_foreign_idx`(`sellerId`) USING BTREE,
  CONSTRAINT `salesorders_sellerId_foreign_idx` FOREIGN KEY (`sellerId`) REFERENCES `users` (`id`) ON DELETE SET NULL ON UPDATE CASCADE
) ENGINE = InnoDB CHARACTER SET = utf8mb4 COLLATE = utf8mb4_general_ci ROW_FORMAT = Dynamic;

-- ----------------------------
-- Records of salesorders
-- ----------------------------
INSERT INTO `salesorders` VALUES ('05a76891-4523-4075-a5d5-e95e2b546843', 95, 'Mr Randy', '', '', '', '', '', '+852 6746 9388', '', 112, '', '', 1, 'C/C', NULL, 0, 1, 0, 1, 0, 0, '2022-02-16 08:57:19', '2022-02-16 08:57:19', 'a09fc240-5dfb-407a-873a-9d2f2b1d61ab');
INSERT INTO `salesorders` VALUES ('062be3df-bb79-4126-b1b3-61fece49abc8', 82, 'Mr. Zhu', 'Tai Kok Tsui', 'Tower 2, One SilverSea, 18 Hoi Fai Road', '', '18', 'A', '+852', '', 28, '', '', 1, '100% Bank transfer', NULL, 0, 1, 0, 1, 0, 0, '2022-02-12 13:34:51', '2022-02-13 08:26:08', 'e98936a8-0c72-46cb-bf25-be0ba3bde750');
INSERT INTO `salesorders` VALUES ('06cba264-3aa1-4efd-b1fc-625a91a1b035', 113, 'David Song', '', '', '', '', '', '+852', 'ming.lau801@gmail.com', 0, '', '', 1, 'paypal', NULL, 12, 1, 12, 1, 0, 0, '2022-03-01 19:37:03', '2022-03-01 19:37:03', '1f705193-ee86-4494-9002-2acfadd1af92');
INSERT INTO `salesorders` VALUES ('071ad09d-7154-4cca-ba89-c0215f27427e', 36, 'Mrs Ng', '', '', '', '', '', '+852 9185 5919', '', 168, '', '', 1, '100% Credit card', NULL, 0, 1, 0, 1, 0, 0, '2022-01-19 09:16:17', '2022-01-19 09:26:59', 'a09fc240-5dfb-407a-873a-9d2f2b1d61ab');
INSERT INTO `salesorders` VALUES ('08124615-a12c-40c0-bc2f-cbf704f269fc', 114, 'David Song', '', '', '', '', '', '+852', 'ming.lau801@gmail.com', 0, '', '', 1, 'paypal', NULL, 12, 1, 12, 1, 0, 0, '2022-03-01 19:38:23', '2022-03-01 19:38:23', '1f705193-ee86-4494-9002-2acfadd1af92');
INSERT INTO `salesorders` VALUES ('1006c661-ede2-4ba9-9124-046a998c5022', 58, 'Liu Ho Lim', '', 'Century Square, 1-13 D\'Aguilar Street', '', '17', '02', '+852 6832 094', '', 5, '', '', 1, '100% Credit Card', NULL, 5, 0, 0, 1, 0, 0, '2022-01-31 08:46:37', '2022-01-31 08:46:37', 'e98936a8-0c72-46cb-bf25-be0ba3bde750');
INSERT INTO `salesorders` VALUES ('1388a427-c377-47aa-af95-407a8b006dec', 117, 'employees', '', '', '', '', '', '+852', '', 0, '', '', 1, 'PayPal', NULL, 0, 1, 0, 1, 0, 0, '2022-03-04 10:21:09', '2022-03-04 10:21:09', '1f705193-ee86-4494-9002-2acfadd1af92');
INSERT INTO `salesorders` VALUES ('16911798-d356-41b6-a0b5-7cbcfe5356c5', 59, 'Mr. Ho', '', 'Tai Ying Building, Cosmopolitan Estates, Tai Koi Tsui, Kowloon ', '', '5', '7', '+852 9678 1773', '', 7, '', '', 1, '100% Credit Card', NULL, 0, 1, 0, 1, 0, 0, '2022-01-31 12:46:53', '2022-01-31 12:46:53', '47324cff-bc23-42e2-9911-19f8e07957cf');
INSERT INTO `salesorders` VALUES ('1b56d5a9-be7f-4280-b057-1480b1805fc8', 24, 'Mr. Chu', 'Kowloon Tong', 'Parc Oasis 35 Tat Chee Ave', '5', '6', 'B', '+852 9838 2997', 'felixchu726@gmail.com', 28, '', '', 1, '100% credit card ', NULL, 0, 1, 0, 1, 0, 0, '2022-01-12 09:31:20', '2022-01-12 09:31:20', 'e85f6320-2be9-443c-a308-57f853a1a01c');
INSERT INTO `salesorders` VALUES ('1e7052d2-b053-4d0e-b3fb-5f3c82e14f7e', 122, 'employees', '', '', '', '', '', '+852', '', 0, '', '', 1, 'PayPal', NULL, 0, 1, 0, 1, 0, 0, '2022-03-04 10:50:26', '2022-03-04 10:50:26', '1f705193-ee86-4494-9002-2acfadd1af92');
INSERT INTO `salesorders` VALUES ('1f946781-82a1-4ddd-8661-ac0f31897a63', 84, 'Ms. Petra ', '', 'Apartment 3A, Po Chi Court, 15 Ship Street, Wan Chai, HK', '', '', '', '+852 6608 9862', '', 7, '', '', 1, '100% Cash', NULL, 550, 1, 0, 1, 0, 0, '2022-02-15 05:54:05', '2022-02-15 06:43:56', '47324cff-bc23-42e2-9911-19f8e07957cf');
INSERT INTO `salesorders` VALUES ('1f9c2edd-5727-4097-94ba-64a7dd2402f7', 106, 'David Song', '', '', '', '', '', '+852', 'ming.lau801@gmail.com', 0, '', '', 1, 'paypal', NULL, 12, 1, 12, 1, 0, 0, '2022-03-01 19:26:14', '2022-03-01 19:26:14', '1f705193-ee86-4494-9002-2acfadd1af92');
INSERT INTO `salesorders` VALUES ('2183ef6e-247d-463c-817c-2889b17bd1c3', 54, 'Ms. Peng', 'Yuen Long', '143 Nam Hang Tsuen', '', '', '', '+852 6361 9631', '', 3, '', '', 1, '100% credit card ', NULL, 0, 1, 0, 1, 0, 0, '2022-01-28 07:56:25', '2022-01-28 08:04:16', 'e85f6320-2be9-443c-a308-57f853a1a01c');
INSERT INTO `salesorders` VALUES ('21f6dcd4-7411-4230-aa18-5412ea3af3c3', 48, 'Mr Wong', '', '', '', '', '', '+852 9091 6089', '', 1, '', '', 1, 'C/c', NULL, 10, 0, 0, 1, 0, 0, '2022-01-27 09:33:00', '2022-01-27 09:33:00', 'a09fc240-5dfb-407a-873a-9d2f2b1d61ab');
INSERT INTO `salesorders` VALUES ('227a56bf-28ba-475d-a2e9-e9e614d5af4b', 94, 'Hang Lung (Administration) Limited - Ms. Joey Cheng', '', 'Standard Chartered Bank Building, 4 Des Voeux Road, Central, HK', '', '26', '', '+852 6899 4889', '', 7, 'For manager Mr. Chiu, office no. 28790339', '', 0, '100% Bank Transfer', '2022-02-18', 0, 1, 0, 1, 0, 0, '2022-02-16 07:36:12', '2022-02-16 07:37:58', '47324cff-bc23-42e2-9911-19f8e07957cf');
INSERT INTO `salesorders` VALUES ('2345fd43-1b30-41b0-9e7f-ca44705f60a1', 93, 'Tony c/o Bazaar Ltd', 'Quarry Bay', '53A Pan Hoi Street, Kam Hoi Mansion', '', '1', '', '+852 5542 5585', '', 28, '', '', 1, '100% Credit Card', NULL, 0, 1, 0, 1, 0, 0, '2022-02-16 07:09:45', '2022-02-16 07:09:45', 'e98936a8-0c72-46cb-bf25-be0ba3bde750');
INSERT INTO `salesorders` VALUES ('234804c1-a975-4968-8a71-f47cf7c51089', 109, 'David Song', '', '', '', '', '', '+852', 'ming.lau801@gmail.com', 0, '', '', 1, 'paypal', NULL, 12, 1, 12, 1, 0, 0, '2022-03-01 19:32:40', '2022-03-01 19:32:40', '1f705193-ee86-4494-9002-2acfadd1af92');
INSERT INTO `salesorders` VALUES ('26162033-88a3-47f2-a9f9-d0712e76f4be', 63, 'Mr. Stephen Hao', '', 'The Noven, 88 Third Street, Sai Ying Pun', '', '12', 'G', '+852 6513 6594', '', 7, '', '', 1, '100% credit card', NULL, 565, 1, 0, 1, 0, 0, '2022-02-04 04:23:23', '2022-02-04 04:25:23', '47324cff-bc23-42e2-9911-19f8e07957cf');
INSERT INTO `salesorders` VALUES ('261d994b-d494-4fc4-95d1-989f6bf9c1a5', 74, 'Mr. Yau', 'Hung Hom', '11 Hok Yuen Streer', 'Kaiser Estate (Phase 3)', '5', 'M-7', '+852 9254 8471', '', 15, '', '', 1, '100% credit card ', NULL, 5, 0, 0, 1, 0, 0, '2022-02-09 08:11:25', '2022-02-09 08:23:20', 'e85f6320-2be9-443c-a308-57f853a1a01c');
INSERT INTO `salesorders` VALUES ('2826adc0-64b1-4bb6-8aea-0bc89a78202b', 66, 'Mr. Chan Ka Lok', '', 'Tak Chak House, Hau Tak Estate, Tseung Kwan O, N.T.', '', '', '3812', '+852 9719 0920', '', 28, '', '', 1, '100% credit card', NULL, 0, 1, 0, 1, 0, 0, '2022-02-04 08:20:42', '2022-02-04 08:25:01', '47324cff-bc23-42e2-9911-19f8e07957cf');
INSERT INTO `salesorders` VALUES ('2a7a9a81-3b87-4e88-ac77-f9e0d74fcc8e', 31, 'H FONG', 'Kowloon', 'Joy Garden, 3 Alnwick Road, Kowloon Tong', '2', '7B', '', '+852 6769 6709', 'h.y1997@yahoo.com.hk', 35, '要白底灰面,並要上一層樓梯', '', 1, 'Bank Transfer', NULL, 0, 1, 100, 1, 0, 0, '2022-01-17 10:08:44', '2022-01-17 10:08:44', '47324cff-bc23-42e2-9911-19f8e07957cf');
INSERT INTO `salesorders` VALUES ('2c0cbccd-3e1e-4a65-a650-fed0c7484562', 88, 'Ms. Angela Man', '', 'Two IFC, 8 Finance Street, Cental', '', '76', '', '+852 9021 2021', '', 28, 'Delivery to: Eva Court, 36 Macdonnell Road, Mid levels. Contact: Sam 55089480', '', 1, '100% Credit Card', NULL, 0, 1, 0, 1, 0, 0, '2022-02-15 14:56:01', '2022-02-16 11:06:41', '47324cff-bc23-42e2-9911-19f8e07957cf');
INSERT INTO `salesorders` VALUES ('2c1fce07-95ad-4006-badb-f00cdcdf841e', 65, 'Mr. Lok', '', 'Sun Yuen Long Centre, Yuen Long, N.T', '3', '13', 'H', '+852 9468 3863', '', 7, '', '', 1, '100% credit card', NULL, 0, 1, 0, 1, 0, 0, '2022-02-04 07:59:45', '2022-02-04 07:59:45', '47324cff-bc23-42e2-9911-19f8e07957cf');
INSERT INTO `salesorders` VALUES ('3217fb4b-c682-4cf8-a16e-24f8b94e03ae', 111, 'David Song', '', '', '', '', '', '+852', 'ming.lau801@gmail.com', 0, '', '', 1, 'paypal', NULL, 12, 1, 12, 1, 0, 0, '2022-03-01 19:35:41', '2022-03-01 19:35:41', '1f705193-ee86-4494-9002-2acfadd1af92');
INSERT INTO `salesorders` VALUES ('35417c21-f9dd-4ddf-8e03-300620145054', 34, 'Mr. Kwok', '', 'Solaria, 16 Fo Chun Road, Tai Po', '7', '6', 'A', '+852 6295 1710', '', 84, '6月初才送貨', '', 1, '100% credit card', NULL, 300, 1, 0, 1, 0, 0, '2022-01-18 08:20:25', '2022-01-19 11:15:29', '47324cff-bc23-42e2-9911-19f8e07957cf');
INSERT INTO `salesorders` VALUES ('472a9f38-856f-4cbf-b773-22a5300a8e87', 120, 'employees', '', '', '', '', '', '+852', '', 0, '', '', 1, 'PayPal', NULL, 0, 1, 0, 1, 0, 0, '2022-03-04 10:46:10', '2022-03-04 10:46:10', '1f705193-ee86-4494-9002-2acfadd1af92');
INSERT INTO `salesorders` VALUES ('4d7a924e-78d7-4e51-bf48-d778e12f6258', 121, 'employees', '', '', '', '', '', '+852', '', 0, '', '', 1, 'PayPal', NULL, 0, 1, 0, 1, 0, 0, '2022-03-04 10:47:28', '2022-03-04 10:47:28', '1f705193-ee86-4494-9002-2acfadd1af92');
INSERT INTO `salesorders` VALUES ('4d827b5a-191d-4766-992d-49a38ed67c34', 108, 'David Song', '', '', '', '', '', '+852', 'ming.lau801@gmail.com', 0, '', '', 1, 'paypal', NULL, 12, 1, 12, 1, 0, 0, '2022-03-01 19:31:44', '2022-03-01 19:31:44', '1f705193-ee86-4494-9002-2acfadd1af92');
INSERT INTO `salesorders` VALUES ('4f212805-2fed-469a-9398-826138c2d8a4', 78, 'Ms. Lam', '', '28 Shu Kuk Street, Odeon Building', '', '6', 'D', '+852 5409 7130', '', 14, 'sat & sun', '', 1, '100% credit card', NULL, 0, 1, 0, 1, 0, 0, '2022-02-12 09:33:10', '2022-02-12 09:34:03', '47324cff-bc23-42e2-9911-19f8e07957cf');
INSERT INTO `salesorders` VALUES ('4f6cae59-cc05-4247-a667-60d8a43d8f5a', 101, 'Ms. Andrey', '', 'Apartment 16, Fontana Gardens, Tai Hang Road, Causeway Bay, HK', 'C', '11', '', '+852 9302 6302', '', 84, 'One in stock, One is pre-order', '', 1, '100% credit card', '2022-02-19', 1400, 1, 0, 1, 0, 0, '2022-02-18 10:12:09', '2022-02-18 10:53:01', '47324cff-bc23-42e2-9911-19f8e07957cf');
INSERT INTO `salesorders` VALUES ('4fbadf51-0365-427b-8d4a-9052693d58a8', 91, 'Ms Andrey', 'Tai Hang', 'Fontana Gardens, Tai Hang Rd', 'C', '11', '16', '+852', '', 1, '', '', 1, '100% CASH', NULL, 10, 0, 0, 1, 0, 0, '2022-02-16 05:19:49', '2022-02-16 05:19:49', 'e98936a8-0c72-46cb-bf25-be0ba3bde750');
INSERT INTO `salesorders` VALUES ('4fc7d54a-ab6b-4e50-86df-ed7bd6d215b6', 67, 'Ms. Yu', '', '102 Austin Road, Jordan, KLN', '', '10', '1003', '+852 2362 5411', '', 28, '66339488', '', 1, '100% credit card', NULL, 10, 0, 0, 1, 0, 0, '2022-02-04 09:05:45', '2022-02-04 09:17:44', '47324cff-bc23-42e2-9911-19f8e07957cf');
INSERT INTO `salesorders` VALUES ('5159309d-fafe-47b8-adf0-358235b876e4', 3, 'Andy Leung', 'Wanchai', '22A, Morrison Plaza, 9 Morrison Hill Rd, Wanchai, Hong Kong', '', '', '', '+980 8968', 'andykleung@gmail.com', 28, '', '', 1, '100% Credit Card', NULL, 500, 1, 0, 1, 0, 0, '2021-12-20 13:36:44', '2021-12-20 13:36:44', 'e98936a8-0c72-46cb-bf25-be0ba3bde750');
INSERT INTO `salesorders` VALUES ('53861b56-bd50-4da2-bdf9-c045d8f42519', 104, 'Miss Mak', 'Kwong Sang Hong Building ', '298 Hennessy Road, Wai Chai', '', '18', 'A', '+852 6314 5808', '', 7, '', '', 1, '100% Credit Card', NULL, 10, 0, 0, 1, 0, 0, '2022-02-19 10:04:54', '2022-02-19 10:04:54', 'e85f6320-2be9-443c-a308-57f853a1a01c');
INSERT INTO `salesorders` VALUES ('56191ceb-e7d1-4bad-970a-7e7731920505', 23, 'Mr. Lee', 'Shatin', 'Greenhill Villa', '1', '31', 'i', '+852 6038 7991', 'zeyu0224@gmail.com', 5, '', '', 1, '100% credit card ', NULL, 0, 1, 0, 1, 0, 0, '2022-01-12 09:08:11', '2022-01-12 11:55:17', 'e85f6320-2be9-443c-a308-57f853a1a01c');
INSERT INTO `salesorders` VALUES ('57382425-4f01-4370-8572-d8ed30c485c3', 42, 'Danny Lee', '', 'Dah Sing Life Building, 99 Des Voeux Road, Central', '', '1', '', '+852 6020 1775', '', 7, '胡桃木色', '', 1, '100% Bank Transfer', '2022-01-25', 0, 1, 0, 1, 0, 0, '2022-01-25 08:01:42', '2022-01-25 11:01:51', '47324cff-bc23-42e2-9911-19f8e07957cf');
INSERT INTO `salesorders` VALUES ('58318f1c-2c06-4d3f-8888-0f474baa3175', 29, 'Ms. Poon', 'yuen long', '', '', '', '', '+852 9366 4400', '', 10, 'deliver to clubhouse', '', 1, '100% credit card ', NULL, 0, 1, 500, 1, 0, 0, '2022-01-15 04:34:24', '2022-01-18 05:19:01', 'e85f6320-2be9-443c-a308-57f853a1a01c');
INSERT INTO `salesorders` VALUES ('5f753a19-bd82-4265-9a68-671b72c1f1c1', 86, 'Mr. Jason Tan', '', 'Flora Garden, 7 Chun Fai Road, Jardine\'s Lookoot', '1', '5', 'A', '+852 9101 5900', '', 7, '98486446', '', 1, '100% credit card', NULL, 0, 1, 0, 1, 0, 0, '2022-02-15 07:28:39', '2022-02-15 07:30:26', '47324cff-bc23-42e2-9911-19f8e07957cf');
INSERT INTO `salesorders` VALUES ('63f1c86d-4db6-4f00-87dc-d472b17cf1bc', 75, 'Ms. Yau', 'Hunghom', '11 Hok Yuen Street', 'Kaiser Estate (Phase 3)', '5', 'M-7', '+852 9254 8471', '', 15, '', '', 1, '100% credit card ', NULL, 10, 0, 0, 1, 0, 0, '2022-02-09 08:47:34', '2022-02-09 08:47:34', 'e85f6320-2be9-443c-a308-57f853a1a01c');
INSERT INTO `salesorders` VALUES ('6475d8f7-3b29-417e-89ee-d347b1588d9d', 71, 'Mr. Arnaud Leroi', '', 'Larvotto Tower 5 Apartment 23B, Ap Lei Chau, Praya Road', '', '23', 'B', '+852 6288 3734', '', 28, '', '', 1, '100% Bank Transfer', NULL, 0, 1, 0, 1, 0, 0, '2022-02-04 13:21:39', '2022-02-04 13:21:39', '47324cff-bc23-42e2-9911-19f8e07957cf');
INSERT INTO `salesorders` VALUES ('64b289c3-57ab-448e-94a4-d841201729b0', 69, 'Ms. Yu', '', '102 Austin Road, Jordan, KLN', '', '10', '1003', '+852 2362 5411', '', 7, '66339488', '', 1, '100% credit card', NULL, 0, 1, 0, 1, 0, 0, '2022-02-04 11:01:15', '2022-02-04 11:01:15', '47324cff-bc23-42e2-9911-19f8e07957cf');
INSERT INTO `salesorders` VALUES ('67a2374b-6533-41ea-aef7-806faac0f7f9', 35, 'Mr. Kwok', '', 'Solaria, 16 Fo Chun Road, Tai Po', '7', '6', 'A', '+852 6295 1710', '', 28, '6月初才送貨', '', 1, '100% credit card', NULL, 10, 0, 0, 1, 0, 0, '2022-01-18 08:49:55', '2022-01-19 11:15:43', '47324cff-bc23-42e2-9911-19f8e07957cf');
INSERT INTO `salesorders` VALUES ('691b973f-e3f0-430f-b1bb-32b81b7e4163', 119, 'employees', '', '', '', '', '', '+852', '', 0, '', '', 1, 'PayPal', NULL, 0, 1, 0, 1, 0, 0, '2022-03-04 10:39:04', '2022-03-04 10:39:04', '1f705193-ee86-4494-9002-2acfadd1af92');
INSERT INTO `salesorders` VALUES ('696b3202-e093-47d8-9430-951459b1383e', 112, 'David Song', '', '', '', '', '', '+852', 'ming.lau801@gmail.com', 0, '', '', 1, 'paypal', NULL, 12, 1, 12, 1, 0, 0, '2022-03-01 19:36:38', '2022-03-01 19:36:38', '1f705193-ee86-4494-9002-2acfadd1af92');
INSERT INTO `salesorders` VALUES ('6b34758e-bde0-4b4f-98c1-08d9018f8e3c', 56, 'Mr. Terence Man', '', '', '', '', '', '+852 5327 3878', '', 0, '', '', 1, '100% Credit Card', NULL, 100, 1, 0, 1, 0, 0, '2022-01-31 04:05:19', '2022-01-31 04:05:19', 'e98936a8-0c72-46cb-bf25-be0ba3bde750');
INSERT INTO `salesorders` VALUES ('6fb5bf88-bb53-4e9d-8026-1a4bdfbe39cb', 45, 'Mr Yeung', '', '', '', '', '', '+852 9409 3305', '', 5, '', '', 1, 'card', NULL, 599, 1, 0, 1, 0, 0, '2022-01-26 07:35:09', '2022-01-26 07:35:09', 'a09fc240-5dfb-407a-873a-9d2f2b1d61ab');
INSERT INTO `salesorders` VALUES ('7961bbcf-be95-4358-b518-cb2f22f93103', 49, 'Mr Fung', '', '', '', '', '', '+852', '', 1, '', '', 1, 'C/c', NULL, 0, 1, 0, 1, 0, 0, '2022-01-27 09:37:52', '2022-01-27 09:37:52', 'a09fc240-5dfb-407a-873a-9d2f2b1d61ab');
INSERT INTO `salesorders` VALUES ('7b8ecaa9-0488-4220-acf0-351d3767920b', 30, 'Mr. Wat', 'Ngau Chi Wan', 'The Aria, 51 Fung Shing St', '6', '16', 'C', '+852 6071 7404', '', 3, '', '', 1, '100% Credit Card', NULL, 0, 1, 0, 1, 0, 0, '2022-01-15 07:23:58', '2022-01-15 07:23:58', 'e98936a8-0c72-46cb-bf25-be0ba3bde750');
INSERT INTO `salesorders` VALUES ('812e2b24-7fff-45bb-9687-3c92612acf44', 96, 'Miss Cheung', '', '', '', '', '', '+852 9287 5731', '', 49, '', '', 1, 'c/c', NULL, 0, 1, 0, 1, 0, 0, '2022-02-16 10:41:11', '2022-02-16 10:41:11', 'a09fc240-5dfb-407a-873a-9d2f2b1d61ab');
INSERT INTO `salesorders` VALUES ('818f2694-48eb-456a-b8c6-af1091c58d75', 64, 'Mr. W Chan', '', 'Illumination Terrace, Tai Hang Rd, HKSAR', '2', '19', 'D', '+852 6012 6727', '', 7, '', '', 1, '100% credit card', NULL, 0, 1, 0, 1, 0, 0, '2022-02-04 05:01:49', '2022-02-04 05:01:49', '47324cff-bc23-42e2-9911-19f8e07957cf');
INSERT INTO `salesorders` VALUES ('85f4e08b-be4d-4cad-8fe4-d922643a6600', 40, 'Mrs Yeung', '', '', '', '', '', '+852 9197 1937', '', 0, '', '', 1, '', NULL, 0, 1, 0, 1, 0, 0, '2022-01-21 05:47:43', '2022-01-21 05:47:43', 'a09fc240-5dfb-407a-873a-9d2f2b1d61ab');
INSERT INTO `salesorders` VALUES ('88001442-56ec-44fa-ad79-f67ebed8fa7d', 43, 'Mr. Tsang', '', 'Tower 2, Sorrento, Tsim Sha Tsui, KLN', '', '62', 'A', '+852 9837 2740', '', 28, '3月頭才送', '', 1, '100% Credit Card', NULL, 0, 1, 0, 1, 0, 0, '2022-01-25 08:34:29', '2022-01-25 08:48:16', '47324cff-bc23-42e2-9911-19f8e07957cf');
INSERT INTO `salesorders` VALUES ('8e5b3b7c-c61b-46af-84bd-472ebbd4f646', 60, 'Crystal Ng ', '', 'Hong Kong Sanatorium & Hospital', '', '', '', '+852 3156 8772', '', 7, '', '', 0, '100% by Check Net 30 Days', '2022-03-09', 0, 1, 0, 1, 0, 0, '2022-01-31 13:57:27', '2022-01-31 14:05:17', 'e98936a8-0c72-46cb-bf25-be0ba3bde750');
INSERT INTO `salesorders` VALUES ('96338565-52e1-4127-8919-9fd2a434a56e', 79, 'Ms. Leung', '', 'Tanner Garden, North Point, HK', '5', '12', 'G', '+852 9317 5340', '', 7, '', '', 1, '100% credit card', NULL, 0, 1, 0, 1, 0, 0, '2022-02-12 10:12:36', '2022-02-12 10:12:36', '47324cff-bc23-42e2-9911-19f8e07957cf');
INSERT INTO `salesorders` VALUES ('97805abd-4d9f-48c7-86e3-e20148924622', 110, 'David Song', '', '', '', '', '', '+852', 'ming.lau801@gmail.com', 0, '', '', 1, 'paypal', NULL, 12, 1, 12, 1, 0, 0, '2022-03-01 19:35:08', '2022-03-01 19:35:08', '1f705193-ee86-4494-9002-2acfadd1af92');
INSERT INTO `salesorders` VALUES ('99c75019-8421-4a8c-9dc1-664631d7496c', 102, 'Miss Ng ', 'mid levels', '11 May Road', '', '33', 'B', '+852 9028 7387', '', 3, '', '', 1, '100% Credit Card', NULL, 0, 1, 0, 1, 0, 0, '2022-02-19 06:48:38', '2022-02-19 06:48:38', 'e85f6320-2be9-443c-a308-57f853a1a01c');
INSERT INTO `salesorders` VALUES ('a0081a8f-c611-435b-80ef-c232e99b0f85', 32, 'Mr. Cheuk', 'Hong Kong', 'Gloucester Tower, the Lankmark, central', '', '38', '', '+852 9447 5379', '', 3, '', '', 1, 'Bank Transfer ($10000 deposit paid, balance due Jan 18, 2022)', '2022-01-17', 0, 1, 0, 1, 0, 0, '2022-01-17 10:56:05', '2022-01-18 05:16:26', '47324cff-bc23-42e2-9911-19f8e07957cf');
INSERT INTO `salesorders` VALUES ('a1304714-d7cd-4faf-bb4c-9288b98618e2', 70, 'Ms. Chan', '', 'Tower 1, Stars By The Harbour, Hung Luen Road, Hung Hom', '', '26', 'C', '+852 9068 3869', '', 7, '', '', 1, '100% credit card', NULL, 0, 1, 0, 1, 0, 0, '2022-02-04 11:03:57', '2022-02-04 11:03:57', '47324cff-bc23-42e2-9911-19f8e07957cf');
INSERT INTO `salesorders` VALUES ('a7561af4-af35-47ee-bbfe-c730cebbf71b', 52, 'Mr. Hsieh', 'WarrenWoods', '23, Warren Street', '', '29', 'B', '+852 9735 9669', '', 3, '', '', 1, '100% credit card ', NULL, 0, 1, 0, 1, 0, 0, '2022-01-28 07:16:49', '2022-01-28 07:16:49', 'e85f6320-2be9-443c-a308-57f853a1a01c');
INSERT INTO `salesorders` VALUES ('a7ef953c-67d9-430c-8a45-c4051a093297', 118, 'employees', '', '', '', '', '', '+852', '', 0, '', '', 1, 'PayPal', NULL, 0, 1, 0, 1, 0, 0, '2022-03-04 10:38:23', '2022-03-04 10:38:23', '1f705193-ee86-4494-9002-2acfadd1af92');
INSERT INTO `salesorders` VALUES ('ae01c830-fdb0-489c-97ab-2c7675a1c34c', 87, 'Mr Leung', '', '', '', '', '', '+852 6059 9439', '', 3, '', '', 1, 'C/C', NULL, 275, 1, 100, 1, 0, 0, '2022-02-15 09:02:44', '2022-02-15 09:02:44', 'a09fc240-5dfb-407a-873a-9d2f2b1d61ab');
INSERT INTO `salesorders` VALUES ('af81ca69-171e-43e7-8899-e9c161ccc7bc', 115, 'David Song', '', '', '', '', '', '+852', 'ming.lau801@gmail.com', 0, '', '', 1, 'paypal', NULL, 12, 1, 12, 1, 0, 0, '2022-03-01 19:39:10', '2022-03-01 19:39:10', '1f705193-ee86-4494-9002-2acfadd1af92');
INSERT INTO `salesorders` VALUES ('b31bffa6-e122-4a98-9eca-bbcd205c7a7f', 105, 'employees', '', '', '', '', '', '+852', '', 0, '', '', 1, 'PayPal', NULL, 0, 1, 0, 1, 0, 0, '2022-02-23 09:19:20', '2022-02-23 09:19:20', '1f705193-ee86-4494-9002-2acfadd1af92');
INSERT INTO `salesorders` VALUES ('b68bbd26-1d6f-4511-be86-661b3f88e738', 33, 'Aya', 'Clearwater Bay', '223 Tai Hang Hau', '', '', '', '+852 9227 2075', '', 2, '', '', 1, '100% Bank transfer', '2022-01-19', 10, 0, 0, 1, 0, 0, '2022-01-18 04:18:02', '2022-01-18 05:16:24', 'e98936a8-0c72-46cb-bf25-be0ba3bde750');
INSERT INTO `salesorders` VALUES ('b7a862dc-dd9c-4a1c-9843-270060d39363', 25, 'Mavis c/o JR Credit Limited', 'Tsim Sha Tsui', 'Mirror Tower, 61 Mody Road', '', '13', '03', '+852 6488 9111', '', 3, '', '', 1, '100% Bank transfer', '2022-01-13', 0, 1, 0, 1, 0, 0, '2022-01-12 13:19:16', '2022-01-17 10:45:59', 'e98936a8-0c72-46cb-bf25-be0ba3bde750');
INSERT INTO `salesorders` VALUES ('bde17cbf-79d2-4c13-8753-3d277ef40751', 50, 'Arnaud Ichoua ', 'Mid-Levels', 'Haddon road 41c Conduit Road', '', '31', 'A', '+852 9869 0453', '', 1, '', '', 1, '100% Payme', '2022-01-27', 0, 1, 0, 1, 0, 0, '2022-01-27 12:59:44', '2022-01-28 10:32:36', 'e98936a8-0c72-46cb-bf25-be0ba3bde750');
INSERT INTO `salesorders` VALUES ('c5917a05-c80c-4adf-9ab7-b02e4ac872a4', 76, 'Mr. Cheung', '', 'Repulse Bay Road No.3', '', '23', 'B', '+852 9744 5344', 'turnkeyinteriorslimited@gmail.com', 28, 'Turnkey Interiors Ltd.', '', 1, '100% Bank Transfer', NULL, 0, 1, 0, 1, 0, 0, '2022-02-09 09:12:09', '2022-02-09 09:12:09', '47324cff-bc23-42e2-9911-19f8e07957cf');
INSERT INTO `salesorders` VALUES ('c645c062-0ab0-4a99-8e45-c2b4ba12cd7a', 2, 'Andy Leung', 'Wanchai', '22A, Morrison Plaza, 9 Morrison Hill Rd, Wanchai, Hong Kong', '', '', '', '+980 8968', 'andykleung@gmail.com', 28, '', '', 1, '100% Credit Card', NULL, 500, 1, 300, 1, 0, 0, '2021-12-20 13:36:29', '2021-12-20 13:36:29', 'e98936a8-0c72-46cb-bf25-be0ba3bde750');
INSERT INTO `salesorders` VALUES ('ca060d73-c6d0-4e5f-a8a3-2d93a802775f', 55, 'Mr. Derek To', '', 'Sorrento, Tower 3, 1 Austin Road West, Kowloon', '', '47', 'D', '+852 6129 4195', '', 21, '', '', 1, '100% credit card', NULL, 0, 1, 0, 1, 0, 0, '2022-01-28 10:08:09', '2022-01-28 10:33:44', '47324cff-bc23-42e2-9911-19f8e07957cf');
INSERT INTO `salesorders` VALUES ('cc0f0b51-8b84-46f9-a207-17baff92174b', 107, 'David Song', '', '', '', '', '', '+852', 'ming.lau801@gmail.com', 0, '', '', 1, 'paypal', NULL, 12, 1, 12, 1, 0, 0, '2022-03-01 19:27:13', '2022-03-01 19:27:13', '1f705193-ee86-4494-9002-2acfadd1af92');
INSERT INTO `salesorders` VALUES ('ccb05b42-64df-4995-ae84-9c2ed7ca8e93', 116, 'employees', '', '', '', '', '', '+852', '', 0, '', '', 1, 'PayPal', NULL, 0, 1, 0, 1, 0, 0, '2022-03-04 10:17:15', '2022-03-04 10:17:15', '1f705193-ee86-4494-9002-2acfadd1af92');
INSERT INTO `salesorders` VALUES ('cd688604-ee1e-4270-9f95-5f2d81169752', 85, 'Ms. Andrey', '', 'Apartment 16, Fontana Gardens, Tai Hang Road, Causeway Bay, HK', 'C', '11', '', '+852 9302 6302', '', 7, '', '', 1, '100% Cash', NULL, 0, 1, 0, 1, 0, 0, '2022-02-15 05:57:52', '2022-02-15 05:57:52', '47324cff-bc23-42e2-9911-19f8e07957cf');
INSERT INTO `salesorders` VALUES ('ce0f2727-ca05-4a49-82db-3f011bc48102', 100, 'Mr. Sonic', '', '13 Belcher\'s Street, Kennedy Town ', 'A', '24', '01', '+852 9507 8797', '', 28, '', '', 1, '100% credit card', NULL, 765, 1, 0, 1, 0, 0, '2022-02-18 07:27:36', '2022-02-18 07:32:57', '47324cff-bc23-42e2-9911-19f8e07957cf');
INSERT INTO `salesorders` VALUES ('d1b47dfe-5cf2-4891-a7fa-fc9de53e7956', 81, 'Mr. Tim Wong', '', 'Tower 3, The Long Beach, 8 Hoi Fai Road, Tai Kok Tsui, Kowloon', '', '37', 'D', '+852 9105 6906', '', 7, '', '', 1, '100% Bank Transfer', '2022-02-12', 0, 1, 0, 1, 0, 0, '2022-02-12 12:51:51', '2022-02-12 13:55:38', '47324cff-bc23-42e2-9911-19f8e07957cf');
INSERT INTO `salesorders` VALUES ('d233ff21-3c12-480b-ba2a-0e7c9af9533f', 22, 'Mr. Poon', 'kwan tong', '8 tsun yip lane', 'World Interests Building', '10', '5', '+852 9228 8429', 'patrickccpoon@gmail.com', 3, '', '', 1, '100% credit card ', NULL, 0, 1, 0, 1, 0, 0, '2022-01-12 08:00:50', '2022-01-12 08:00:50', 'e85f6320-2be9-443c-a308-57f853a1a01c');
INSERT INTO `salesorders` VALUES ('d40d5fb0-fc2e-4b72-87ea-ba9d9d4a1f1b', 10, 'Andy Leung', 'Wanchai', '22A, Morrison Plaza, 9 Morrison Hill Rd, Wanchai, Hong Kong', '', '', '', '+980 8968', 'andykleung@gmail.com', 28, '', '', 1, '100% Credit Card', NULL, 500, 1, 0, 1, 0, 0, '2021-12-21 13:28:05', '2021-12-21 13:28:05', 'e98936a8-0c72-46cb-bf25-be0ba3bde750');
INSERT INTO `salesorders` VALUES ('da363b5a-0ba6-4935-9ba2-abb46290fb54', 38, 'Mr. Simon', 'Pokfulam', 'House 4, 33 Consort Rise', '', '1', 'C', '+852 9164 8390', '', 2, '', '', 1, '100% Bank transfer', '2022-01-20', 10, 0, 250, 1, 0, 0, '2022-01-20 01:41:19', '2022-01-20 12:09:09', 'e98936a8-0c72-46cb-bf25-be0ba3bde750');
INSERT INTO `salesorders` VALUES ('dab9f3ab-9c5b-4f9f-851f-e1b83d0e2972', 92, 'Ms. Tang ', 'Central', 'West Wing, Justice Place, Lower Albert Rd', '', '', '1043', '+852 6231 1968', '', 2, '', '', 1, '100% Credit Card', NULL, 200, 1, 0, 1, 0, 0, '2022-02-16 05:58:36', '2022-02-16 05:58:36', 'e98936a8-0c72-46cb-bf25-be0ba3bde750');
INSERT INTO `salesorders` VALUES ('dc447f6f-7343-45c7-89f4-a7b105dc80f7', 53, 'Mr. Man', 'Tin Shui Wai Tin Shing Court Shing Chun House', '', 'N', '18', '1804', '+852 6310 3660', 'ddd1589@hotmail.com', 84, '', '', 1, '100% credit card ', NULL, 0, 1, 0, 1, 0, 0, '2022-01-28 07:35:19', '2022-01-28 08:04:41', 'e85f6320-2be9-443c-a308-57f853a1a01c');
INSERT INTO `salesorders` VALUES ('de51c412-8892-41cd-a86e-17d38b287871', 20, 'RAUL ABREU', '', '1 LOHAS PARK ROAD, PHASE 2', 'TOWER 9 LA PRESTIGE', '61/F', 'FLAT LC', '+852 9173 9406', '', 14, '', '', 1, '100% credit card', NULL, 0, 1, 0, 1, 0, 0, '2022-01-11 08:36:30', '2022-01-11 08:41:42', '47324cff-bc23-42e2-9911-19f8e07957cf');
INSERT INTO `salesorders` VALUES ('de51e5a7-3fa7-4d1d-bdb9-ef7f1feda157', 124, 'Edward Li', 'dalian', 'zhenxing', '', '', '', '+852 1234 1234', 'edwardli674@gmail.com', 0, '', '', 1, 'stripe', NULL, 0, 1, 0, 1, 0, 0, '2022-05-02 12:51:36', '2022-05-02 12:51:36', '1f705193-ee86-4494-9002-2acfadd1af92');
INSERT INTO `salesorders` VALUES ('e0cd5c63-f045-4438-af78-1c15b6a147ad', 73, 'Mr. Neil Bowen', '', '', '', '', '', '+852 6046 6656', '', 0, 'self pick', '', 1, '100% credit card', NULL, 0, 1, 0, 1, 0, 0, '2022-02-07 04:48:23', '2022-02-07 04:48:23', '47324cff-bc23-42e2-9911-19f8e07957cf');
INSERT INTO `salesorders` VALUES ('e24699ba-ee57-48e6-a344-92bcd9494a6b', 83, 'Mr. Zhu', '', '', '', '', '', '+852 9588 3585', '', 28, '', '', 1, '100% Bank transfer', NULL, 0, 1, 0, 1, 0, 0, '2022-02-12 13:37:00', '2022-02-13 08:26:23', 'e98936a8-0c72-46cb-bf25-be0ba3bde750');
INSERT INTO `salesorders` VALUES ('e28812e3-4c11-4d48-8852-88044b5edf5b', 17, 'Ms. Tsang c/o Super Progress Int\'l Ltd', 'Central', 'Thryse House, 14-16 Pottinger Street', '', '7', '', '+852 9633 5787', 'none@none.com', 7, '2 years warranty on parts included', '', 1, '100% Bank transfer', '2022-01-05', 1840, 1, 0, 1, 0, 0, '2022-01-05 02:44:38', '2022-01-11 04:22:24', 'e98936a8-0c72-46cb-bf25-be0ba3bde750');
INSERT INTO `salesorders` VALUES ('e35c45f1-73f5-4837-a4fe-845a83aba098', 51, 'Mr. Wong', 'Kwun Tong Laguna City', '', '10', '12', 'H', '+852 6010 3139', '', 3, '', '', 1, '100% credit card ', NULL, 5, 0, 0, 1, 0, 0, '2022-01-28 04:31:45', '2022-01-28 04:31:45', 'e85f6320-2be9-443c-a308-57f853a1a01c');
INSERT INTO `salesorders` VALUES ('e3f60d47-4a31-4e60-b033-d80dc52aa597', 123, 'employees', '', '', '', '', '', '+852', '', 0, '', '', 1, 'PayPal', NULL, 0, 1, 0, 1, 0, 0, '2022-03-04 10:51:50', '2022-03-04 10:51:50', '1f705193-ee86-4494-9002-2acfadd1af92');
INSERT INTO `salesorders` VALUES ('e56fda1a-ea98-4437-9a6e-a704cfc57431', 97, 'Carol WU c/o XY Capital', 'Central', '88 Queen\'s Road Central', '', '17', '', '+852 5128 7168', '', 70, '', '', 0, '100% Bank transfer', '2022-02-18', 300, 1, 0, 1, 0, 0, '2022-02-16 15:09:40', '2022-02-17 08:59:09', 'e98936a8-0c72-46cb-bf25-be0ba3bde750');
INSERT INTO `salesorders` VALUES ('e98bbb0a-bf36-4ba0-9141-0e108e105982', 44, 'Mr. Jo Kwong', '', 'Yuccie Square, Yuen Long, N.T', '2', '15', 'G', '+852 6574 6424', '', 4, '', '', 1, '100% Credit Card', NULL, 0, 1, 0, 1, 0, 0, '2022-01-25 10:23:11', '2022-01-25 10:23:11', '47324cff-bc23-42e2-9911-19f8e07957cf');
INSERT INTO `salesorders` VALUES ('e99a3837-3db4-4ba2-bdd2-c9900334c3f1', 103, 'Miss Chan', 'Phase 1, Festival City, Tai Wai', '', '1', '48', 'SB', '+852 9817 1497', '', 7, '', '', 1, '100% Credit Card', NULL, 5, 0, 0, 1, 0, 0, '2022-02-19 07:42:04', '2022-02-19 07:42:04', 'e85f6320-2be9-443c-a308-57f853a1a01c');
INSERT INTO `salesorders` VALUES ('e99cb6e4-3331-4075-a04d-3b56c4877054', 98, 'Mrs Lee', '', '', '', '', '', '+852 9736 1992', '', 3, '', '', 1, 'cc', NULL, 0, 1, 0, 1, 0, 0, '2022-02-17 07:09:37', '2022-02-17 07:09:37', 'a09fc240-5dfb-407a-873a-9d2f2b1d61ab');
INSERT INTO `salesorders` VALUES ('ea7921c6-c689-4e68-9e1d-ab06697d5e7e', 77, 'Miss Poon', '', '', '', '', '', '+852 9485 6670', '', 3, '', '', 1, 'C/c', NULL, 0, 1, 0, 1, 0, 0, '2022-02-10 09:57:10', '2022-02-10 09:57:10', 'a09fc240-5dfb-407a-873a-9d2f2b1d61ab');
INSERT INTO `salesorders` VALUES ('ec71408b-ceb8-4b8f-acb9-b2c1fa9dedb8', 41, 'EFENDIC, Admir', 'Happy Valley', '10-12 Shan Kwong Road', '', '12', '9F', '+852 5744 7004', '', 5, '', '', 1, 'Visa', NULL, 0, 1, 0, 1, 0, 0, '2022-01-22 04:23:18', '2022-01-22 04:25:21', 'e85f6320-2be9-443c-a308-57f853a1a01c');
INSERT INTO `salesorders` VALUES ('ee0acdc5-0586-4658-b7e7-50aa17668740', 46, 'Mr. Chan', 'Chuk Yuen Plaza, Wong Tai Sin', '', '', '', 'Shop S206', '+852 9345 3458', '', 5, '', '', 1, '100% credit card ', NULL, 0, 1, 0, 1, 0, 0, '2022-01-27 04:12:29', '2022-01-27 04:12:29', 'e85f6320-2be9-443c-a308-57f853a1a01c');
INSERT INTO `salesorders` VALUES ('eeb315b3-5b71-4096-9aa8-53e122721db8', 39, 'Arthur Ng', 'Tin Hau', 'Tower 2, The Pavilia Hill, 18 A Tin Hau Temple Rd', '', '20', 'B', '+852 9633 8916', '', 21, '', '', 1, '100% Credit Card', NULL, 400, 1, 0, 1, 0, 0, '2022-01-20 05:26:21', '2022-01-20 05:26:21', 'e98936a8-0c72-46cb-bf25-be0ba3bde750');
INSERT INTO `salesorders` VALUES ('f189e777-6d9a-423b-bebf-0657cdc2e5b1', 80, 'Ms. Jen Kwok', '', 'Ming Yeun Mansions Stage 1, Peacock Road, North Point', 'B', '', '1309', '+852 9109 1481', '', 7, '', '', 1, '100% credit card', NULL, 0, 1, 0, 1, 0, 0, '2022-02-12 10:33:07', '2022-02-14 05:43:27', '47324cff-bc23-42e2-9911-19f8e07957cf');
INSERT INTO `salesorders` VALUES ('fb71e8e5-c7fc-4f03-97be-ba465316d954', 57, 'Mr. Wong ', '', '', '', '', '', '+852 9503 9130', '', 0, '', '', 1, '100% Credit Card', NULL, 0, 1, 0, 1, 0, 0, '2022-01-31 05:11:43', '2022-01-31 05:11:43', 'e98936a8-0c72-46cb-bf25-be0ba3bde750');

-- ----------------------------
-- Table structure for sequelizemeta
-- ----------------------------
DROP TABLE IF EXISTS `sequelizemeta`;
CREATE TABLE `sequelizemeta`  (
  `name` varchar(255) CHARACTER SET utf8 COLLATE utf8_unicode_ci NOT NULL,
  PRIMARY KEY (`name`) USING BTREE,
  UNIQUE INDEX `name`(`name`) USING BTREE
) ENGINE = InnoDB CHARACTER SET = utf8 COLLATE = utf8_unicode_ci ROW_FORMAT = Dynamic;

-- ----------------------------
-- Records of sequelizemeta
-- ----------------------------
INSERT INTO `sequelizemeta` VALUES ('20220125023238-create-user.js');
INSERT INTO `sequelizemeta` VALUES ('20220125031528-create-chair-stock.js');
INSERT INTO `sequelizemeta` VALUES ('20220125085151-create-desk-stock.js');
INSERT INTO `sequelizemeta` VALUES ('20220125085735-create-accessory-stock.js');
INSERT INTO `sequelizemeta` VALUES ('20220125090355-create-sales-order.js');
INSERT INTO `sequelizemeta` VALUES ('20220125091541-create-quotation.js');
INSERT INTO `sequelizemeta` VALUES ('20220125092112-create-chair-to-order.js');
INSERT INTO `sequelizemeta` VALUES ('20220125092337-create-chair-to-quotation.js');
INSERT INTO `sequelizemeta` VALUES ('20220125092756-create-desk-to-order.js');
INSERT INTO `sequelizemeta` VALUES ('20220125093438-create-desk-to-quotation.js');
INSERT INTO `sequelizemeta` VALUES ('20220125093758-create-accessory-to-order.js');
INSERT INTO `sequelizemeta` VALUES ('20220125094258-create-accessory-to-quotation.js');
INSERT INTO `sequelizemeta` VALUES ('20220216073625-modify-sales-order.js');
INSERT INTO `sequelizemeta` VALUES ('20220216145053-modify-chair-to-order.js');
INSERT INTO `sequelizemeta` VALUES ('20220216145736-modify-desk-to-order.js');
INSERT INTO `sequelizemeta` VALUES ('20220216145801-modify-accessory-to-order.js');
INSERT INTO `sequelizemeta` VALUES ('20220216145830-modify-chair-to-quotation.js');
INSERT INTO `sequelizemeta` VALUES ('20220216145839-modify-accessory-to-quotation.js');
INSERT INTO `sequelizemeta` VALUES ('20220216145851-modify-desk-to-quotation.js');
INSERT INTO `sequelizemeta` VALUES ('20220216145852-modify-quotation.js');
INSERT INTO `sequelizemeta` VALUES ('20220216145899-create-service-to-order.js');
INSERT INTO `sequelizemeta` VALUES ('20220216145901-modify-service-to-order.js');
INSERT INTO `sequelizemeta` VALUES ('20220216146899-create-service-to-quotation.js');
INSERT INTO `sequelizemeta` VALUES ('20220216146901-modify-service-to-quotation.js');

-- ----------------------------
-- Table structure for servicetoorders
-- ----------------------------
DROP TABLE IF EXISTS `servicetoorders`;
CREATE TABLE `servicetoorders`  (
  `id` char(36) CHARACTER SET utf8mb4 COLLATE utf8mb4_bin NOT NULL,
  `price` float NOT NULL DEFAULT 0,
  `description` varchar(255) CHARACTER SET utf8mb4 COLLATE utf8mb4_general_ci NOT NULL DEFAULT '',
  `orderId` char(36) CHARACTER SET utf8mb4 COLLATE utf8mb4_bin NOT NULL,
  `createdAt` datetime NOT NULL,
  `updatedAt` datetime NOT NULL,
  PRIMARY KEY (`id`) USING BTREE,
  INDEX `servicetoorders_orderId_foreign_idx`(`orderId`) USING BTREE,
  CONSTRAINT `servicetoorders_orderId_foreign_idx` FOREIGN KEY (`orderId`) REFERENCES `salesorders` (`id`) ON DELETE CASCADE ON UPDATE CASCADE
) ENGINE = InnoDB CHARACTER SET = utf8mb4 COLLATE = utf8mb4_general_ci ROW_FORMAT = Dynamic;

-- ----------------------------
-- Records of servicetoorders
-- ----------------------------
INSERT INTO `servicetoorders` VALUES ('4d29c5f0-5c6e-45f7-8b28-8fa6703d0f8a', 2123.11, 'aaaddddddddddd', 'af81ca69-171e-43e7-8899-e9c161ccc7bc', '2022-03-01 20:12:57', '2022-03-01 20:12:57');
INSERT INTO `servicetoorders` VALUES ('753bb780-f8f2-4e0d-af17-c8d5759d005d', 2121.11, 'qaddddddddddddddddz', 'af81ca69-171e-43e7-8899-e9c161ccc7bc', '2022-03-01 20:12:57', '2022-03-01 20:12:57');

-- ----------------------------
-- Table structure for servicetoquotations
-- ----------------------------
DROP TABLE IF EXISTS `servicetoquotations`;
CREATE TABLE `servicetoquotations`  (
  `id` char(36) CHARACTER SET utf8mb4 COLLATE utf8mb4_bin NOT NULL,
  `price` float NOT NULL DEFAULT 0,
  `description` varchar(255) CHARACTER SET utf8mb4 COLLATE utf8mb4_general_ci NOT NULL DEFAULT '',
  `createdAt` datetime NOT NULL,
  `updatedAt` datetime NOT NULL,
  `quotationId` char(36) CHARACTER SET utf8mb4 COLLATE utf8mb4_bin NULL DEFAULT NULL,
  PRIMARY KEY (`id`) USING BTREE,
  INDEX `servicetoquotations_quotationId_foreign_idx`(`quotationId`) USING BTREE,
  CONSTRAINT `servicetoquotations_quotationId_foreign_idx` FOREIGN KEY (`quotationId`) REFERENCES `quotations` (`id`) ON DELETE CASCADE ON UPDATE CASCADE
) ENGINE = InnoDB CHARACTER SET = utf8mb4 COLLATE = utf8mb4_general_ci ROW_FORMAT = Dynamic;

-- ----------------------------
-- Records of servicetoquotations
-- ----------------------------

-- ----------------------------
-- Table structure for users
-- ----------------------------
DROP TABLE IF EXISTS `users`;
CREATE TABLE `users`  (
  `id` char(36) CHARACTER SET utf8mb4 COLLATE utf8mb4_bin NOT NULL,
  `email` varchar(255) CHARACTER SET utf8mb4 COLLATE utf8mb4_general_ci NOT NULL DEFAULT '',
  `firstName` varchar(255) CHARACTER SET utf8mb4 COLLATE utf8mb4_general_ci NOT NULL DEFAULT '',
  `lastName` varchar(255) CHARACTER SET utf8mb4 COLLATE utf8mb4_general_ci NOT NULL DEFAULT '',
  `avatarURL` varchar(255) CHARACTER SET utf8mb4 COLLATE utf8mb4_general_ci NOT NULL DEFAULT '',
  `password` varchar(255) CHARACTER SET utf8mb4 COLLATE utf8mb4_general_ci NOT NULL DEFAULT '',
  `type` varchar(255) CHARACTER SET utf8mb4 COLLATE utf8mb4_general_ci NOT NULL DEFAULT '',
  `prefix` char(2) CHARACTER SET utf8mb4 COLLATE utf8mb4_general_ci NOT NULL DEFAULT '',
  `isActive` tinyint(1) NOT NULL DEFAULT 0,
  `createdAt` datetime NOT NULL,
  `updatedAt` datetime NOT NULL,
  PRIMARY KEY (`id`) USING BTREE,
  UNIQUE INDEX `email`(`email`) USING BTREE
) ENGINE = InnoDB CHARACTER SET = utf8mb4 COLLATE = utf8mb4_general_ci ROW_FORMAT = Dynamic;

-- ----------------------------
-- Records of users
-- ----------------------------
INSERT INTO `users` VALUES ('1f705193-ee86-4494-9002-2acfadd1af92', 'logos115@outlook.com', 'Naixu', 'Wang', '', '$2a$10$EVnGPr12OTv81mDT23VXoeXEdZv6CxaeM55b67Y051/mv7.fIQbmy', 'admin', 'lg', 1, '2022-02-18 20:04:34', '2022-02-18 20:04:34');
INSERT INTO `users` VALUES ('47324cff-bc23-42e2-9911-19f8e07957cf', 'reiley.blueocean@gmail.com', 'Reiley', 'Ting', '', '$2a$10$RpcJocoTT9f.C4IshHEcAOBcxlgyPg.QnaPTuZZofqu8D9uGEZZEK', 'salesman', 'RT', 1, '2022-01-11 04:00:56', '2022-01-11 04:06:47');
INSERT INTO `users` VALUES ('a09fc240-5dfb-407a-873a-9d2f2b1d61ab', 'ming.lau801@gmail.com', 'Ming', 'Lau', '', '$2a$10$g.4HolGdO3a2toAFNd2zpeJ/STdhodT8Xl1XAreVfXGZHYnGnOF0C', 'salesman', 'ML', 1, '2022-01-07 03:16:54', '2022-01-07 03:18:43');
INSERT INTO `users` VALUES ('a15d983b-f0c0-4d3e-bb9c-aefc4413d8cb', 'dorothyu2021@gmail.com', 'Dorothy ', 'Yu', '', '$2a$10$mNHmqChj6svkZF0RX7yuMurw4ArlnJmzgUepApZWkeqSDUMVgeSVq', 'salesman', 'DY', 1, '2022-01-07 03:17:45', '2022-01-07 03:18:44');
INSERT INTO `users` VALUES ('e2395ca3-2bab-4a9b-8e65-d16fd3a9bb98', 'test@gmail.com', 'test', 'test', '', '$2a$10$N962EIYhzirn35bui3L7..Uy1OmBWusqYJIazQfGuzwqmIR5utfOG', 'salesman', 'q', 0, '2022-02-07 08:21:41', '2022-02-07 08:21:41');
INSERT INTO `users` VALUES ('e85f6320-2be9-443c-a308-57f853a1a01c', 'zoehlwu@gmail.com', 'Zoe', 'Wu', '', '$2a$10$Us/9/z9vGo2PemDR0aAIEeH81CvSbQT2E2gBPqcapJyddjltO8wqu', 'salesman', 'ZW', 1, '2022-01-12 03:48:50', '2022-01-12 03:48:58');
INSERT INTO `users` VALUES ('e950354f-432a-4148-b8bd-bf09dad32407', 'charleskao0831@gmail.com', 'Charles', 'Kao', '', '$2a$10$CDxaZ529tPDAndzNCWCUm.9aGI.WHIDfb7iVuG0nffJVFuWnvCEGq', 'salesman', 's', 0, '2022-01-20 05:32:34', '2022-01-20 05:32:34');
INSERT INTO `users` VALUES ('e98936a8-0c72-46cb-bf25-be0ba3bde750', 'andykleung@gmail.com', 'Andy', 'Leung', '', '$2a$10$s/hsg2gtX6uaSMRhX5KLKuDEcCL2HjmW0yNQZKG3OkA17VVSi//Sq', 'admin', '', 1, '2021-12-19 16:32:13', '2022-01-11 06:35:58');

SET FOREIGN_KEY_CHECKS = 1;
